Workbook

Sheet RETAIL
A1: 1 | B1: 2 | C1: 3 | D1: 4 | E1: 5 | F1: 6 | G1: 7 | H1: 8 | I1: 9 | J1: 10 | K1: 11 | L1: 12 | M1: 13 | N1: 14 | O1: 15 | P1: 16 | Q1: 17 | R1: 18 | S1: 19 | T1: 20 | U1: 21 | V1: 22 | W1: 23 | X1: 24 | Y1: 25 | Z1: 26 | AA1: 27 | AB1: 28 | AC1: 29 | AD1: 30 | AE1: 31 | AF1: 32 | AG1: 33 | AH1: 34 | AI1: 35 | AJ1: 36 | AK1: 37 | AL1: 38 | AM1: 39 | AN1: 40 | AO1: 41 | AP1: 42 | AQ1: 43 | AR1: 44 | AS1: 45 | AT1: 46 | AU1: 47 | AV1: 48 | AW1: 49 | AX1: 50 | AY1: 51 | AZ1: 52 | BA1: 53 | BB1: 54 | BC1: 55 | BD1: 56 | BE1: 57 | BF1: 58 | BG1: 59 | BH1: 60 | BI1: 61 | BJ1: 62 | BK1: 63 | BL1: 64 | BM1: 65 | BN1: 66 | BO1: 67 | BP1: 68 | BQ1: 69
A2: 受注番号 | B2: 納品先コード | C2: 納品先名 | D2: 商品コード | E2: 商品名 | F2: Brand | G2: NWA | H2: BULK | I2: BULK | J2: BULK | K2: BULK | L2: BULK | M2: BULK | N2: BULK | O2: BULK | P2: BULK | Q2: BULK | R2: BULK | S2: BULK | T2: BULK | U2: BULK | V2: BULK | W2: BULK | X2: BULK | Y2: BULK | Z2: BULK | AA2: BULK | AB2: BULK | AC2: 現在庫 | AD2: 現在庫 | AE2: 現在庫 | AF2: 現在庫 | AG2: 現在庫 | AH2: 現在庫 | AI2: 現在庫 | AJ2: 現在庫 | AK2: 現在庫 | AL2: 現在庫 | AM2: 現在庫 | AN2: 現在庫 | AO2: 現在庫 | AP2: 現在庫 | AQ2: 現在庫 | AR2: 現在庫 | AS2: 現在庫 | AT2: 現在庫 | AU2: 現在庫 | AV2: 現在庫 | AW2: 出荷指示数 | AX2: 出荷指示数 | AY2: 出荷指示数 | AZ2: 出荷指示数 | BA2: 出荷指示数 | BB2: 出荷指示数 | BC2: 出荷指示数 | BD2: 出荷指示数 | BE2: 出荷指示数 | BF2: 出荷指示数 | BG2: 出荷指示数 | BH2: 出荷指示数 | BI2: 出荷指示数 | BJ2: 出荷指示数 | BK2: 出荷指示数 | BL2: 出荷指示数 | BM2: 出荷指示数 | BN2: 出荷指示数 | BO2: 出荷指示数 | BP2: 出荷指示数 | BQ2: 出荷予定日
G3: NWA | H3: 納品先BULK | I3: 201050 | J3: 201127 | K3: 201223 | L3: 201236 | M3: 201268 | N3: 201499 | O3: 201549 | P3: 201684 | Q3: 201703 | R3: 201716 | S3: 201720 | T3: 201738 | U3: 201762 | AC3: 201050 | AD3: 201127 | AE3: 201223 | AF3: 201236 | AG3: 201268 | AH3: 201499 | AI3: 201549 | AJ3: 201684 | AK3: 201703 | AL3: 201716 | AM3: 201720 | AN3: 201738 | AO3: 201762 | AW3: 201050 | AX3: 201127 | AY3: 201223 | AZ3: 201236 | BA3: 201268 | BB3: 201499 | BC3: 201549 | BD3: 201684 | BE3: 201703 | BF3: 201716 | BG3: 201720 | BH3: 201738 | BI3: 201762
G4: NWA | H4: 納品先BULK | I4: ZOZO | J4: 名古屋 | K4: 丸井web | L4: YSEC | M4: TOKYO | N4: ルクア大阪 | O4: ヒュッテ | P4: 京王新宿 | Q4: 6142 | R4: 玉川高島屋 | S4: NODE | T4: 大丸心斎橋 | U4: NARITA | AC4: ZOZO | AD4: 名古屋 | AE4: 丸井web | AF4: YSEC | AG4: TOKYO | AH4: ルクア大阪 | AI4: ヒュッテ | AJ4: 京王新宿 | AK4: 6142 | AL4: 玉川高島屋 | AM4: NODE | AN4: 大丸心斎橋 | AO4: NARITA | AW4: ZOZO | AX4: 名古屋 | AY4: 丸井web | AZ4: YSEC | BA4: TOKYO | BB4: ルクア大阪 | BC4: ヒュッテ | BD4: 京王新宿 | BE4: 6142 | BF4: 玉川高島屋 | BG4: NODE | BH4: 大丸心斎橋 | BI4: NARITA
D5: 12100003210L/XL | E5: Varmland Cap | F5: FRV | G5: 0 | H5: 0 | I5: 0 | J5: 0 | K5: 0 | L5: 0 | M5: 0 | N5: 0 | O5: 0 | P5: 0 | Q5: 0 | R5: 0 | S5: 0 | T5: 0 | U5: 0 | AC5: 0 | AD5: 1 | AE5: 0 | AF5: 1 | AG5: 0 | AH5: 1 | AI5: 0 | AJ5: 0 | AK5: 0 | AL5: 0 | AM5: 0 | AN5: 0 | AO5: 0 | AW5: =order!AE4 | AX5: =order!AF4 | AY5: =order!AG4 | AZ5: =order!AH4 | BA5: =order!AI4 | BB5: =order!AJ4 | BC5: =order!AK4 | BD5: =order!AL4 | ... BI5: =order!AQ4 | BQ5: 20260823
D6: 12100003210S/M | E6: Varmland Cap | F6: FRV | G6: 0 | H6: 0 | I6: 0 | J6: 0 | K6: 0 | L6: 0 | M6: 0 | N6: 0 | O6: 0 | P6: 0 | Q6: 0 | R6: 0 | S6: 0 | T6: 0 | U6: 0 | AC6: 0 | AD6: 1 | AE6: 0 | AF6: 1 | AG6: 0 | AH6: 1 | AI6: 1 | AJ6: 0 | AK6: 0 | AL6: 0 | AM6: 0 | AN6: 1 | AO6: 0 | AW6: =order!AE5 | AX6: =order!AF5 | AY6: =order!AG5 | AZ6: =order!AH5 | BA6: =order!AI5 | BB6: =order!AJ5 | BC6: =order!AK5 | BD6: =order!AL5 | ... BI6: =order!AQ5 | BQ6: 20260823
D7: 12100003625L/XL | E7: Varmland Cap | F7: FRV | G7: 0 | H7: 0 | I7: 0 | J7: 0 | K7: 0 | L7: 0 | M7: 0 | N7: 0 | O7: 0 | P7: 0 | Q7: 0 | R7: 0 | S7: 0 | T7: 0 | U7: 0 | AC7: 0 | AD7: 0 | AE7: 0 | AF7: 0 | AG7: 0 | AH7: 2 | AI7: 0 | AJ7: 1 | AK7: 0 | AL7: 0 | AM7: 0 | AN7: 1 | AO7: 0 | AW7: =order!AE6 | AX7: =order!AF6 | AY7: =order!AG6 | AZ7: =order!AH6 | BA7: =order!AI6 | BB7: =order!AJ6 | BC7: =order!AK6 | BD7: =order!AL6 | ... BI7: =order!AQ6 | BQ7: 20260823
D8: 12100003625S/M | E8: Varmland Cap | F8: FRV | G8: 0 | H8: 0 | I8: 0 | J8: 0 | K8: 0 | L8: 0 | M8: 0 | N8: 0 | O8: 0 | P8: 0 | Q8: 0 | R8: 0 | S8: 0 | T8: 0 | U8: 0 | AC8: 0 | AD8: 2 | AE8: 0 | AF8: 0 | AG8: 0 | AH8: 2 | AI8: 2 | AJ8: 2 | AK8: 0 | AL8: 2 | AM8: 0 | AN8: 1 | AO8: 0 | AW8: =order!AE7 | AX8: =order!AF7 | AY8: =order!AG7 | AZ8: =order!AH7 | BA8: =order!AI7 | BB8: =order!AJ7 | BC8: =order!AK7 | BD8: =order!AL7 | ... BI8: =order!AQ7 | BQ8: 20260823
D9: 12100003662L/XL | E9: Varmland Cap | F9: FRV | G9: 0 | H9: 0 | I9: 0 | J9: 0 | K9: 0 | L9: 0 | M9: 0 | N9: 0 | O9: 0 | P9: 0 | Q9: 0 | R9: 0 | S9: 0 | T9: 0 | U9: 0 | AC9: 0 | AD9: 1 | AE9: 0 | AF9: 0 | AG9: 0 | AH9: 0 | AI9: 0 | AJ9: 0 | AK9: 0 | AL9: 0 | AM9: 0 | AN9: 0 | AO9: 0 | AW9: =order!AE8 | AX9: =order!AF8 | AY9: =order!AG8 | AZ9: =order!AH8 | BA9: =order!AI8 | BB9: =order!AJ8 | BC9: =order!AK8 | BD9: =order!AL8 | ... BI9: =order!AQ8 | BQ9: 20260823
D10: 12100003662S/M | E10: Varmland Cap | F10: FRV | G10: 0 | H10: 0 | I10: 0 | J10: 0 | K10: 0 | L10: 0 | M10: 0 | N10: 0 | O10: 0 | P10: 0 | Q10: 0 | R10: 0 | S10: 0 | T10: 0 | U10: 0 | AC10: 0 | AD10: 1 | AE10: 0 | AF10: 1 | AG10: 0 | AH10: 1 | AI10: 2 | AJ10: 1 | AK10: 0 | AL10: 1 | AM10: 0 | AN10: 2 | AO10: 0 | AW10: =order!AE9 | AX10: =order!AF9 | AY10: =order!AG9 | AZ10: =order!AH9 | BA10: =order!AI9 | BB10: =order!AJ9 | BC10: =order!AK9 | BD10: =order!AL9 | ... BI10: =order!AQ9 | BQ10: 20260823
D11: 12100004113L/XL | E11: High Coast Wind Cap | F11: FRV | G11: 0 | H11: 0 | I11: 0 | J11: 0 | K11: 0 | L11: 0 | M11: 0 | N11: 0 | O11: 0 | P11: 0 | Q11: 0 | R11: 0 | S11: 0 | T11: 0 | U11: 0 | AC11: 0 | AD11: 0 | AE11: 0 | AF11: 0 | AG11: 1 | AH11: 0 | AI11: 0 | AJ11: 1 | AK11: 0 | AL11: 0 | AM11: 0 | AN11: 0 | AO11: 0 | AW11: =order!AE10 | AX11: =order!AF10 | AY11: =order!AG10 | AZ11: =order!AH10 | BA11: =order!AI10 | BB11: =order!AJ10 | BC11: =order!AK10 | BD11: =order!AL10 | ... BI11: =order!AQ10 | BQ11: 20260823
D12: 12100004300L/XL | E12: High Coast Wind Cap | F12: FRV | G12: 0 | H12: 0 | I12: 0 | J12: 0 | K12: 0 | L12: 0 | M12: 0 | N12: 0 | O12: 0 | P12: 0 | Q12: 0 | R12: 0 | S12: 0 | T12: 0 | U12: 0 | AC12: 0 | AD12: 1 | AE12: 0 | AF12: 0 | AG12: 0 | AH12: 0 | AI12: 0 | AJ12: 0 | AK12: 0 | AL12: 0 | AM12: 0 | AN12: 0 | AO12: 0 | AW12: =order!AE11 | AX12: =order!AF11 | AY12: =order!AG11 | AZ12: =order!AH11 | BA12: =order!AI11 | BB12: =order!AJ11 | BC12: =order!AK11 | BD12: =order!AL11 | ... BI12: =order!AQ11 | BQ12: 20260823
D13: 12100004300S/M | E13: High Coast Wind Cap | F13: FRV | G13: 1 | H13: 0 | I13: 0 | J13: 0 | K13: 0 | L13: 0 | M13: 0 | N13: 0 | O13: 0 | P13: 0 | Q13: 0 | R13: 0 | S13: 0 | T13: 0 | U13: 0 | AC13: 0 | AD13: 1 | AE13: 0 | AF13: 2 | AG13: 0 | AH13: 1 | AI13: 0 | AJ13: 0 | AK13: 0 | AL13: 0 | AM13: 0 | AN13: 1 | AO13: 0 | AW13: =order!AE12 | AX13: =order!AF12 | AY13: =order!AG12 | AZ13: =order!AH12 | BA13: =order!AI12 | BB13: =order!AJ12 | BC13: =order!AK12 | BD13: =order!AL12 | ... BI13: =order!AQ12 | BQ13: 20260823
D14: 12100004550L/XL | E14: High Coast Wind Cap | F14: FRV | G14: 0 | H14: 0 | I14: 0 | J14: 0 | K14: 0 | L14: 0 | M14: 0 | N14: 0 | O14: 0 | P14: 0 | Q14: 0 | R14: 0 | S14: 0 | T14: 0 | U14: 0 | AC14: 0 | AD14: 1 | AE14: 0 | AF14: 0 | AG14: 0 | AH14: 0 | AI14: 0 | AJ14: 1 | AK14: 0 | AL14: 0 | AM14: 0 | AN14: 0 | AO14: 0 | AW14: =order!AE13 | AX14: =order!AF13 | AY14: =order!AG13 | AZ14: =order!AH13 | BA14: =order!AI13 | BB14: =order!AJ13 | BC14: =order!AK13 | BD14: =order!AL13 | ... BI14: =order!AQ13 | BQ14: 20260823
D15: 12100004550S/M | E15: High Coast Wind Cap | F15: FRV | G15: 0 | H15: 0 | I15: 0 | J15: 0 | K15: 0 | L15: 0 | M15: 0 | N15: 0 | O15: 0 | P15: 0 | Q15: 0 | R15: 0 | S15: 0 | T15: 0 | U15: 0 | AC15: 0 | AD15: 0 | AE15: 0 | AF15: 0 | AG15: 0 | AH15: 0 | AI15: 1 | AJ15: 2 | AK15: 0 | AL15: 0 | AM15: 0 | AN15: 0 | AO15: 0 | AW15: =order!AE14 | AX15: =order!AF14 | AY15: =order!AG14 | AZ15: =order!AH14 | BA15: =order!AI14 | BB15: =order!AJ14 | BC15: =order!AK14 | BD15: =order!AL14 | ... BI15: =order!AQ14 | BQ15: 20260823
D16: 12100004555S/M | E16: High Coast Wind Cap | F16: FRV | G16: 1 | H16: 0 | I16: 0 | J16: 0 | K16: 0 | L16: 0 | M16: 0 | N16: 0 | O16: 0 | P16: 0 | Q16: 0 | R16: 0 | S16: 0 | T16: 0 | U16: 0 | AC16: 0 | AD16: 0 | AE16: 0 | AF16: 0 | AG16: 0 | AH16: 0 | AI16: 0 | AJ16: 0 | AK16: 0 | AL16: 0 | AM16: 0 | AN16: 0 | AO16: 0 | AW16: =order!AE15 | AX16: =order!AF15 | AY16: =order!AG15 | AZ16: =order!AH15 | BA16: =order!AI15 | BB16: =order!AJ15 | BC16: =order!AK15 | BD16: =order!AL15 | ... BI16: =order!AQ15 | BQ16: 20260823
... D29: 12200190550XS | E29: Bergtagen GTX Pro Trousers M | F29: FRV | G29: 0 | H29: 0 | I29: 0 | J29: 0 | K29: 0 | L29: 0 | M29: 0 | N29: 0 | O29: 0 | P29: 0 | Q29: 0 | R29: 0 | S29: 0 | T29: 0 | U29: 0 | AC29: 0 | AD29: 0 | AE29: 0 | AF29: 1 | AG29: 0 | AH29: 0 | AI29: 1 | AJ29: 0 | AK29: 0 | AL29: 0 | AM29: 0 | AN29: 0 | AO29: 0 | AW29: =order!AE28 | AX29: =order!AF28 | AY29: =order!AG28 | AZ29: =order!AH28 | BA29: =order!AI28 | BB29: =order!AJ28 | BC29: =order!AK28 | BD29: =order!AL28 | ... BI29: =order!AQ28 | BQ29: 20260823
D30: 1220019755044 | E30: Hoja Hybrid Trousers M | F30: FRV | G30: 0 | H30: 5 | I30: 0 | J30: 0 | K30: 0 | L30: 0 | M30: 0 | N30: 0 | O30: 0 | P30: 0 | Q30: 0 | R30: 0 | S30: 0 | T30: 0 | U30: 0 | AC30: 0 | AD30: 1 | AE30: 0 | AF30: 1 | AG30: 1 | AH30: 1 | AI30: 0 | AJ30: 1 | AK30: 0 | AL30: 1 | AM30: 0 | AN30: 1 | AO30: 0 | AW30: =order!AE29 | AX30: =order!AF29 | AY30: =order!AG29 | AZ30: =order!AH29 | BA30: =order!AI29 | BB30: =order!AJ29 | BC30: =order!AK29 | BD30: =order!AL29 | ... BI30: =order!AQ29 | BQ30: 20260823
D31: 1220019755046 | E31: Hoja Hybrid Trousers M | F31: FRV | G31: 1 | H31: 10 | I31: 0 | J31: 0 | K31: 0 | L31: 0 | M31: 0 | N31: 0 | O31: 0 | P31: 0 | Q31: 0 | R31: 0 | S31: 0 | T31: 0 | U31: 0 | AC31: 0 | AD31: 1 | AE31: 0 | AF31: 2 | AG31: 1 | AH31: 1 | AI31: 1 | AJ31: 1 | AK31: 0 | AL31: 1 | AM31: 0 | AN31: 1 | AO31: 0 | AW31: =order!AE30 | AX31: =order!AF30 | AY31: =order!AG30 | AZ31: =order!AH30 | BA31: =order!AI30 | BB31: =order!AJ30 | BC31: =order!AK30 | BD31: =order!AL30 | ... BI31: =order!AQ30 | BQ31: 20260823
D32: 1220019755048 | E32: Hoja Hybrid Trousers M | F32: FRV | G32: 0 | H32: 7 | I32: 0 | J32: 0 | K32: 0 | L32: 0 | M32: 0 | N32: 0 | O32: 0 | P32: 0 | Q32: 0 | R32: 0 | S32: 0 | T32: 0 | U32: 0 | AC32: 0 | AD32: 1 | AE32: 0 | AF32: 1 | AG32: 0 | AH32: 1 | AI32: 1 | AJ32: 1 | AK32: 0 | AL32: 1 | AM32: 0 | AN32: 1 | AO32: 0 | AW32: =order!AE31 | AX32: =order!AF31 | AY32: =order!AG31 | AZ32: =order!AH31 | BA32: =order!AI31 | BB32: =order!AJ31 | BC32: =order!AK31 | BD32: =order!AL31 | ... BI32: =order!AQ31 | BQ32: 20260823
D33: 1220019755050 | E33: Hoja Hybrid Trousers M | F33: FRV | G33: 0 | H33: 3 | I33: 0 | J33: 0 | K33: 0 | L33: 0 | M33: 0 | N33: 0 | O33: 0 | P33: 0 | Q33: 0 | R33: 0 | S33: 0 | T33: 0 | U33: 0 | AC33: 0 | AD33: 1 | AE33: 0 | AF33: 1 | AG33: 1 | AH33: 1 | AI33: 1 | AJ33: 1 | AK33: 0 | AL33: 1 | AM33: 0 | AN33: 1 | AO33: 0 | AW33: =order!AE32 | AX33: =order!AF32 | AY33: =order!AG32 | AZ33: =order!AH32 | BA33: =order!AI32 | BB33: =order!AJ32 | BC33: =order!AK32 | BD33: =order!AL32 | ... BI33: =order!AQ32 | BQ33: 20260823
D34: 1220019755052 | E34: Hoja Hybrid Trousers M | F34: FRV | G34: 0 | H34: 0 | I34: 0 | J34: 0 | K34: 0 | L34: 0 | M34: 0 | N34: 0 | O34: 0 | P34: 0 | Q34: 0 | R34: 0 | S34: 0 | T34: 0 | U34: 0 | AC34: 0 | AD34: 0 | AE34: 0 | AF34: 1 | AG34: 1 | AH34: 0 | AI34: 0 | AJ34: 0 | AK34: 0 | AL34: 0 | AM34: 0 | AN34: 0 | AO34: 0 | AW34: =order!AE33 | AX34: =order!AF33 | AY34: =order!AG33 | AZ34: =order!AH33 | BA34: =order!AI33 | BB34: =order!AJ33 | BC34: =order!AK33 | BD34: =order!AL33 | ... BI34: =order!AQ33 | BQ34: 20260823
D35: 1220020755046 | E35: High Coast Pack Shorts M | F35: FRV | G35: 1 | H35: 0 | I35: 0 | J35: 0 | K35: 0 | L35: 0 | M35: 0 | N35: 0 | O35: 0 | P35: 0 | Q35: 0 | R35: 0 | S35: 0 | T35: 0 | U35: 0 | AC35: 0 | AD35: 1 | AE35: 0 | AF35: 1 | AG35: 1 | AH35: 1 | AI35: 0 | AJ35: 1 | AK35: 0 | AL35: 1 | AM35: 1 | AN35: 1 | AO35: 0 | AW35: =order!AE34 | AX35: =order!AF34 | AY35: =order!AG34 | AZ35: =order!AH34 | BA35: =order!AI34 | BB35: =order!AJ34 | BC35: =order!AK34 | BD35: =order!AL34 | ... BI35: =order!AQ34 | BQ35: 20260823
D36: 1220020755048 | E36: High Coast Pack Shorts M | F36: FRV | G36: 1 | H36: 0 | I36: 0 | J36: 0 | K36: 0 | L36: 0 | M36: 0 | N36: 0 | O36: 0 | P36: 0 | Q36: 0 | R36: 0 | S36: 0 | T36: 0 | U36: 0 | AC36: 0 | AD36: 1 | AE36: 0 | AF36: 1 | AG36: 1 | AH36: 1 | AI36: 1 | AJ36: 1 | AK36: 0 | AL36: 1 | AM36: 1 | AN36: 1 | AO36: 0 | AW36: =order!AE35 | AX36: =order!AF35 | AY36: =order!AG35 | AZ36: =order!AH35 | BA36: =order!AI35 | BB36: =order!AJ35 | BC36: =order!AK35 | BD36: =order!AL35 | ... BI36: =order!AQ35 | BQ36: 20260823
D37: 1220020755050 | E37: High Coast Pack Shorts M | F37: FRV | G37: 0 | H37: 0 | I37: 0 | J37: 0 | K37: 0 | L37: 0 | M37: 0 | N37: 0 | O37: 0 | P37: 0 | Q37: 0 | R37: 0 | S37: 0 | T37: 0 | U37: 0 | AC37: 0 | AD37: 1 | AE37: 0 | AF37: 1 | AG37: 1 | AH37: 1 | AI37: 1 | AJ37: 1 | AK37: 0 | AL37: 1 | AM37: 1 | AN37: 1 | AO37: 0 | AW37: =order!AE36 | AX37: =order!AF36 | AY37: =order!AG36 | AZ37: =order!AH36 | BA37: =order!AI36 | BB37: =order!AJ36 | BC37: =order!AK36 | BD37: =order!AL36 | ... BI37: =order!AQ36 | BQ37: 20260823
D38: 1220020755052 | E38: High Coast Pack Shorts M | F38: FRV | G38: 0 | H38: 0 | I38: 0 | J38: 0 | K38: 0 | L38: 0 | M38: 0 | N38: 0 | O38: 0 | P38: 0 | Q38: 0 | R38: 0 | S38: 0 | T38: 0 | U38: 0 | AC38: 0 | AD38: 1 | AE38: 0 | AF38: 1 | AG38: 0 | AH38: 1 | AI38: 0 | AJ38: 0 | AK38: 0 | AL38: 0 | AM38: 0 | AN38: 0 | AO38: 0 | AW38: =order!AE37 | AX38: =order!AF37 | AY38: =order!AG37 | AZ38: =order!AH37 | BA38: =order!AI37 | BB38: =order!AJ37 | BC38: =order!AK37 | BD38: =order!AL37 | ... BI38: =order!AQ37 | BQ38: 20260823
D39: 1220020762546 | E39: High Coast Pack Shorts M | F39: FRV | G39: 4 | H39: 0 | I39: 0 | J39: 0 | K39: 0 | L39: 0 | M39: 0 | N39: 0 | O39: 0 | P39: 0 | Q39: 0 | R39: 0 | S39: 0 | T39: 0 | U39: 0 | AC39: 0 | AD39: 1 | AE39: 0 | AF39: 1 | AG39: 1 | AH39: 1 | AI39: 1 | AJ39: 1 | AK39: 0 | AL39: 1 | AM39: 1 | AN39: 1 | AO39: 0 | AW39: =order!AE38 | AX39: =order!AF38 | AY39: =order!AG38 | AZ39: =order!AH38 | BA39: =order!AI38 | BB39: =order!AJ38 | BC39: =order!AK38 | BD39: =order!AL38 | ... BI39: =order!AQ38 | BQ39: 20260823
D40: 1220020762548 | E40: High Coast Pack Shorts M | F40: FRV | G40: 0 | H40: 0 | I40: 0 | J40: 0 | K40: 0 | L40: 0 | M40: 0 | N40: 0 | O40: 0 | P40: 0 | Q40: 0 | R40: 0 | S40: 0 | T40: 0 | U40: 0 | AC40: 0 | AD40: 1 | AE40: 0 | AF40: 1 | AG40: 1 | AH40: 0 | AI40: 1 | AJ40: 1 | AK40: 0 | AL40: 1 | AM40: 1 | AN40: 1 | AO40: 0 | AW40: =order!AE39 | AX40: =order!AF39 | AY40: =order!AG39 | AZ40: =order!AH39 | BA40: =order!AI39 | BB40: =order!AJ39 | BC40: =order!AK39 | BD40: =order!AL39 | ... BI40: =order!AQ39 | BQ40: 20260823
D41: 1220020762550 | E41: High Coast Pack Shorts M | F41: FRV | G41: 2 | H41: 0 | I41: 0 | J41: 0 | K41: 0 | L41: 0 | M41: 0 | N41: 0 | O41: 0 | P41: 0 | Q41: 0 | R41: 0 | S41: 0 | T41: 0 | U41: 0 | AC41: 0 | AD41: 1 | AE41: 0 | AF41: 1 | AG41: 0 | AH41: 1 | AI41: 1 | AJ41: 1 | AK41: 0 | AL41: 1 | AM41: 1 | AN41: 1 | AO41: 0 | AW41: =order!AE40 | AX41: =order!AF40 | AY41: =order!AG40 | AZ41: =order!AH40 | BA41: =order!AI40 | BB41: =order!AJ40 | BC41: =order!AK40 | BD41: =order!AL40 | ... BI41: =order!AQ40 | BQ41: 20260823
D42: 12200218550L | E42: Keb GTX Trousers M | F42: FRV | G42: 0 | H42: 0 | I42: 0 | J42: 0 | K42: 0 | L42: 0 | M42: 0 | N42: 0 | O42: 0 | P42: 0 | Q42: 0 | R42: 0 | S42: 0 | T42: 0 | U42: 0 | AC42: 0 | AD42: 1 | AE42: 0 | AF42: 0 | AG42: 1 | AH42: 0 | AI42: 0 | AJ42: 0 | AK42: 0 | AL42: 0 | AM42: 1 | AN42: 0 | AO42: 0 | AW42: =order!AE41 | AX42: =order!AF41 | AY42: =order!AG41 | AZ42: =order!AH41 | BA42: =order!AI41 | BB42: =order!AJ41 | BC42: =order!AK41 | BD42: =order!AL41 | ... BI42: =order!AQ41 | BQ42: 20260823
D43: 12200218550M | E43: Keb GTX Trousers M | F43: FRV | G43: 0 | H43: 0 | I43: 0 | J43: 0 | K43: 0 | L43: 0 | M43: 0 | N43: 0 | O43: 0 | P43: 0 | Q43: 0 | R43: 0 | S43: 0 | T43: 0 | U43: 0 | AC43: 0 | AD43: 1 | AE43: 0 | AF43: 1 | AG43: 0 | AH43: 0 | AI43: 1 | AJ43: 1 | AK43: 0 | AL43: 0 | AM43: 1 | AN43: 1 | AO43: 0 | AW43: =order!AE42 | AX43: =order!AF42 | AY43: =order!AG42 | AZ43: =order!AH42 | BA43: =order!AI42 | BB43: =order!AJ42 | BC43: =order!AK42 | BD43: =order!AL42 | ... BI43: =order!AQ42 | BQ43: 20260823
D44: 12200218550S | E44: Keb GTX Trousers M | F44: FRV | G44: 0 | H44: 0 | I44: 0 | J44: 0 | K44: 0 | L44: 0 | M44: 0 | N44: 0 | O44: 0 | P44: 0 | Q44: 0 | R44: 0 | S44: 0 | T44: 0 | U44: 0 | AC44: 0 | AD44: 1 | AE44: 0 | AF44: 0 | AG44: 0 | AH44: 1 | AI44: 0 | AJ44: 1 | AK44: 0 | AL44: 1 | AM44: 0 | AN44: 0 | AO44: 0 | AW44: =order!AE43 | AX44: =order!AF43 | AY44: =order!AG43 | AZ44: =order!AH43 | BA44: =order!AI43 | BB44: =order!AJ43 | BC44: =order!AK43 | BD44: =order!AL43 | ... BI44: =order!AQ43 | BQ44: 20260823
D45: 12200218550XS | E45: Keb GTX Trousers M | F45: FRV | G45: 0 | H45: 0 | I45: 0 | J45: 0 | K45: 0 | L45: 0 | M45: 0 | N45: 0 | O45: 0 | P45: 0 | Q45: 0 | R45: 0 | S45: 0 | T45: 0 | U45: 0 | AC45: 0 | AD45: 1 | AE45: 0 | AF45: 1 | AG45: 1 | AH45: 1 | AI45: 1 | AJ45: 0 | AK45: 0 | AL45: 0 | AM45: 0 | AN45: 0 | AO45: 0 | AW45: =order!AE44 | AX45: =order!AF44 | AY45: =order!AG44 | AZ45: =order!AH44 | BA45: =order!AI44 | BB45: =order!AJ44 | BC45: =order!AK44 | BD45: =order!AL44 | ... BI45: =order!AQ44 | BQ45: 20260823
D46: 12200219537M | E46: Vardag Summer Shorts M | F46: FRV | G46: 0 | H46: 0 | I46: 0 | J46: 0 | K46: 0 | L46: 0 | M46: 0 | N46: 0 | O46: 0 | P46: 0 | Q46: 0 | R46: 0 | S46: 0 | T46: 0 | U46: 0 | AC46: 0 | AD46: 0 | AE46: 0 | AF46: 1 | AG46: 1 | AH46: 0 | AI46: 0 | AJ46: 0 | AK46: 0 | AL46: 0 | AM46: 0 | AN46: 0 | AO46: 0 | AW46: =order!AE45 | AX46: =order!AF45 | AY46: =order!AG45 | AZ46: =order!AH45 | BA46: =order!AI45 | BB46: =order!AJ45 | BC46: =order!AK45 | BD46: =order!AL45 | ... BI46: =order!AQ45 | BQ46: 20260823
D47: 12200219537S | E47: Vardag Summer Shorts M | F47: FRV | G47: 2 | H47: 0 | I47: 0 | J47: 0 | K47: 0 | L47: 0 | M47: 0 | N47: 0 | O47: 0 | P47: 0 | Q47: 0 | R47: 0 | S47: 0 | T47: 0 | U47: 0 | AC47: 0 | AD47: 1 | AE47: 0 | AF47: 1 | AG47: 1 | AH47: 1 | AI47: 0 | AJ47: 0 | AK47: 0 | AL47: 0 | AM47: 1 | AN47: 0 | AO47: 0 | AW47: =order!AE46 | AX47: =order!AF46 | AY47: =order!AG46 | AZ47: =order!AH46 | BA47: =order!AI46 | BB47: =order!AJ46 | BC47: =order!AK46 | BD47: =order!AL46 | ... BI47: =order!AQ46 | BQ47: 20260823
D48: 12200219550L | E48: Vardag Summer Shorts M | F48: FRV | G48: 0 | H48: 0 | I48: 0 | J48: 0 | K48: 0 | L48: 0 | M48: 0 | N48: 0 | O48: 0 | P48: 0 | Q48: 0 | R48: 0 | S48: 0 | T48: 0 | U48: 0 | AC48: 0 | AD48: 1 | AE48: 0 | AF48: 1 | AG48: 1 | AH48: 1 | AI48: 0 | AJ48: 0 | AK48: 0 | AL48: 0 | AM48: 0 | AN48: 0 | AO48: 0 | AW48: =order!AE47 | AX48: =order!AF47 | AY48: =order!AG47 | AZ48: =order!AH47 | BA48: =order!AI47 | BB48: =order!AJ47 | BC48: =order!AK47 | BD48: =order!AL47 | ... BI48: =order!AQ47 | BQ48: 20260823
D49: 12200219550M | E49: Vardag Summer Shorts M | F49: FRV | G49: 5 | H49: 0 | I49: 0 | J49: 0 | K49: 0 | L49: 0 | M49: 0 | N49: 0 | O49: 0 | P49: 0 | Q49: 0 | R49: 0 | S49: 0 | T49: 0 | U49: 0 | AC49: 0 | AD49: 1 | AE49: 0 | AF49: 0 | AG49: 1 | AH49: 1 | AI49: 0 | AJ49: 0 | AK49: 0 | AL49: 0 | AM49: 1 | AN49: 1 | AO49: 0 | AW49: =order!AE48 | AX49: =order!AF48 | AY49: =order!AG48 | AZ49: =order!AH48 | BA49: =order!AI48 | BB49: =order!AJ48 | BC49: =order!AK48 | BD49: =order!AL48 | ... BI49: =order!AQ48 | BQ49: 20260823
D50: 12200219550S | E50: Vardag Summer Shorts M | F50: FRV | G50: 0 | H50: 0 | I50: 0 | J50: 0 | K50: 0 | L50: 0 | M50: 0 | N50: 0 | O50: 0 | P50: 0 | Q50: 0 | R50: 0 | S50: 0 | T50: 0 | U50: 0 | AC50: 0 | AD50: 1 | AE50: 0 | AF50: 1 | AG50: 1 | AH50: 1 | AI50: 0 | AJ50: 0 | AK50: 0 | AL50: 0 | AM50: 2 | AN50: 1 | AO50: 0 | AW50: =order!AE49 | AX50: =order!AF49 | AY50: =order!AG49 | AZ50: =order!AH49 | BA50: =order!AI49 | BB50: =order!AJ49 | BC50: =order!AK49 | BD50: =order!AL49 | ... BI50: =order!AQ49 | BQ50: 20260823
D51: 12200219625L | E51: Vardag Summer Shorts M | F51: FRV | G51: 0 | H51: 0 | I51: 0 | J51: 0 | K51: 0 | L51: 0 | M51: 0 | N51: 0 | O51: 0 | P51: 0 | Q51: 0 | R51: 0 | S51: 0 | T51: 0 | U51: 0 | AC51: 0 | AD51: 0 | AE51: 0 | AF51: 1 | AG51: 0 | AH51: 0 | AI51: 0 | AJ51: 0 | AK51: 0 | AL51: 0 | AM51: 0 | AN51: 0 | AO51: 0 | AW51: =order!AE50 | AX51: =order!AF50 | AY51: =order!AG50 | AZ51: =order!AH50 | BA51: =order!AI50 | BB51: =order!AJ50 | BC51: =order!AK50 | BD51: =order!AL50 | ... BI51: =order!AQ50 | BQ51: 20260823
D52: 12200219625M | E52: Vardag Summer Shorts M | F52: FRV | G52: 0 | H52: 0 | I52: 0 | J52: 0 | K52: 0 | L52: 0 | M52: 0 | N52: 0 | O52: 0 | P52: 0 | Q52: 0 | R52: 0 | S52: 0 | T52: 0 | U52: 0 | AC52: 0 | AD52: 1 | AE52: 0 | AF52: 0 | AG52: 0 | AH52: 0 | AI52: 0 | AJ52: 0 | AK52: 0 | AL52: 0 | AM52: 1 | AN52: 1 | AO52: 0 | AW52: =order!AE51 | AX52: =order!AF51 | AY52: =order!AG51 | AZ52: =order!AH51 | BA52: =order!AI51 | BB52: =order!AJ51 | BC52: =order!AK51 | BD52: =order!AL51 | ... BI52: =order!AQ51 | BQ52: 20260823
D53: 12200219625S | E53: Vardag Summer Shorts M | F53: FRV | G53: 1 | H53: 0 | I53: 0 | J53: 0 | K53: 0 | L53: 0 | M53: 0 | N53: 0 | O53: 0 | P53: 0 | Q53: 0 | R53: 0 | S53: 0 | T53: 0 | U53: 0 | AC53: 0 | AD53: 1 | AE53: 0 | AF53: 1 | AG53: 1 | AH53: 1 | AI53: 0 | AJ53: 0 | AK53: 0 | AL53: 0 | AM53: 1 | AN53: 1 | AO53: 0 | AW53: =order!AE52 | AX53: =order!AF52 | AY53: =order!AG52 | AZ53: =order!AH52 | BA53: =order!AI52 | BB53: =order!AJ52 | BC53: =order!AK52 | BD53: =order!AL52 | ... BI53: =order!AQ52 | BQ53: 20260823
D54: 1220022955546 | E54: Vardag Relaxed Trousers M | F54: FRV | G54: 0 | H54: 0 | I54: 0 | J54: 0 | K54: 0 | L54: 0 | M54: 0 | N54: 0 | O54: 0 | P54: 0 | Q54: 0 | R54: 0 | S54: 0 | T54: 0 | U54: 0 | AC54: 0 | AD54: 1 | AE54: 0 | AF54: 1 | AG54: 1 | AH54: 1 | AI54: 0 | AJ54: 0 | AK54: 0 | AL54: 1 | AM54: 1 | AN54: 1 | AO54: 0 | AW54: =order!AE53 | AX54: =order!AF53 | AY54: =order!AG53 | AZ54: =order!AH53 | BA54: =order!AI53 | BB54: =order!AJ53 | BC54: =order!AK53 | BD54: =order!AL53 | ... BI54: =order!AQ53 | BQ54: 20260823
D55: 1220022955548 | E55: Vardag Relaxed Trousers M | F55: FRV | G55: 0 | H55: 0 | I55: 0 | J55: 0 | K55: 0 | L55: 0 | M55: 0 | N55: 0 | O55: 0 | P55: 0 | Q55: 0 | R55: 0 | S55: 0 | T55: 0 | U55: 0 | AC55: 0 | AD55: 0 | AE55: 0 | AF55: 1 | AG55: 1 | AH55: 1 | AI55: 0 | AJ55: 0 | AK55: 0 | AL55: 1 | AM55: 1 | AN55: 1 | AO55: 0 | AW55: =order!AE54 | AX55: =order!AF54 | AY55: =order!AG54 | AZ55: =order!AH54 | BA55: =order!AI54 | BB55: =order!AJ54 | BC55: =order!AK54 | BD55: =order!AL54 | ... BI55: =order!AQ54 | BQ55: 20260823
D56: 1220022955550 | E56: Vardag Relaxed Trousers M | F56: FRV | G56: 0 | H56: 0 | I56: 0 | J56: 0 | K56: 0 | L56: 0 | M56: 0 | N56: 0 | O56: 0 | P56: 0 | Q56: 0 | R56: 0 | S56: 0 | T56: 0 | U56: 0 | AC56: 0 | AD56: 1 | AE56: 0 | AF56: 1 | AG56: 1 | AH56: 1 | AI56: 0 | AJ56: 0 | AK56: 0 | AL56: 0 | AM56: 1 | AN56: 1 | AO56: 0 | AW56: =order!AE55 | AX56: =order!AF55 | AY56: =order!AG55 | AZ56: =order!AH55 | BA56: =order!AI55 | BB56: =order!AJ55 | BC56: =order!AK55 | BD56: =order!AL55 | ... BI56: =order!AQ55 | BQ56: 20260823
D57: 1220022962046 | E57: Vardag Relaxed Trousers M | F57: FRV | G57: 0 | H57: 0 | I57: 0 | J57: 0 | K57: 0 | L57: 0 | M57: 0 | N57: 0 | O57: 0 | P57: 0 | Q57: 0 | R57: 0 | S57: 0 | T57: 0 | U57: 0 | AC57: 0 | AD57: 1 | AE57: 0 | AF57: 2 | AG57: 1 | AH57: 1 | AI57: 0 | AJ57: 0 | AK57: 0 | AL57: 1 | AM57: 1 | AN57: 1 | AO57: 0 | AW57: =order!AE56 | AX57: =order!AF56 | AY57: =order!AG56 | AZ57: =order!AH56 | BA57: =order!AI56 | BB57: =order!AJ56 | BC57: =order!AK56 | BD57: =order!AL56 | ... BI57: =order!AQ56 | BQ57: 20260823
D58: 1220022962048 | E58: Vardag Relaxed Trousers M | F58: FRV | G58: 0 | H58: 0 | I58: 0 | J58: 0 | K58: 0 | L58: 0 | M58: 0 | N58: 0 | O58: 0 | P58: 0 | Q58: 0 | R58: 0 | S58: 0 | T58: 0 | U58: 0 | AC58: 0 | AD58: 1 | AE58: 0 | AF58: 2 | AG58: 1 | AH58: 1 | AI58: 0 | AJ58: 0 | AK58: 0 | AL58: 1 | AM58: 1 | AN58: 1 | AO58: 0 | AW58: =order!AE57 | AX58: =order!AF57 | AY58: =order!AG57 | AZ58: =order!AH57 | BA58: =order!AI57 | BB58: =order!AJ57 | BC58: =order!AK57 | BD58: =order!AL57 | ... BI58: =order!AQ57 | BQ58: 20260823
D59: 1220022962050 | E59: Vardag Relaxed Trousers M | F59: FRV | G59: 0 | H59: 0 | I59: 0 | J59: 0 | K59: 0 | L59: 0 | M59: 0 | N59: 0 | O59: 0 | P59: 0 | Q59: 0 | R59: 0 | S59: 0 | T59: 0 | U59: 0 | AC59: 0 | AD59: 1 | AE59: 0 | AF59: 1 | AG59: 1 | AH59: 1 | AI59: 0 | AJ59: 0 | AK59: 0 | AL59: 0 | AM59: 1 | AN59: 1 | AO59: 0 | AW59: =order!AE58 | AX59: =order!AF58 | AY59: =order!AG58 | AZ59: =order!AH58 | BA59: =order!AI58 | BB59: =order!AJ58 | BC59: =order!AK58 | BD59: =order!AL58 | ... BI59: =order!AQ58 | BQ59: 20260823
D60: 12500156550L | E60: Bergtagen GTX Pro Jacket M | F60: FRV | G60: 0 | H60: 0 | I60: 0 | J60: 0 | K60: 0 | L60: 0 | M60: 0 | N60: 0 | O60: 0 | P60: 0 | Q60: 0 | R60: 0 | S60: 0 | T60: 0 | U60: 0 | AC60: 0 | AD60: 0 | AE60: 0 | AF60: 1 | AG60: 0 | AH60: 0 | AI60: 1 | AJ60: 0 | AK60: 0 | AL60: 0 | AM60: 0 | AN60: 0 | AO60: 0 | AW60: =order!AE59 | AX60: =order!AF59 | AY60: =order!AG59 | AZ60: =order!AH59 | BA60: =order!AI59 | BB60: =order!AJ59 | BC60: =order!AK59 | BD60: =order!AL59 | ... BI60: =order!AQ59 | BQ60: 20260823
D61: 12500156550M | E61: Bergtagen GTX Pro Jacket M | F61: FRV | G61: 2 | H61: 0 | I61: 0 | J61: 0 | K61: 0 | L61: 0 | M61: 0 | N61: 0 | O61: 0 | P61: 0 | Q61: 0 | R61: 0 | S61: 0 | T61: 0 | U61: 0 | AC61: 0 | AD61: 0 | AE61: 0 | AF61: 1 | AG61: 1 | AH61: 0 | AI61: 1 | AJ61: 0 | AK61: 0 | AL61: 0 | AM61: 0 | AN61: 0 | AO61: 0 | AW61: =order!AE60 | AX61: =order!AF60 | AY61: =order!AG60 | AZ61: =order!AH60 | BA61: =order!AI60 | BB61: =order!AJ60 | BC61: =order!AK60 | BD61: =order!AL60 | ... BI61: =order!AQ60 | BQ61: 20260823
D62: 12500156550S | E62: Bergtagen GTX Pro Jacket M | F62: FRV | G62: 0 | H62: 0 | I62: 0 | J62: 0 | K62: 0 | L62: 0 | M62: 0 | N62: 0 | O62: 0 | P62: 0 | Q62: 0 | R62: 0 | S62: 0 | T62: 0 | U62: 0 | AC62: 0 | AD62: 0 | AE62: 0 | AF62: 1 | AG62: 1 | AH62: 0 | AI62: 1 | AJ62: 0 | AK62: 0 | AL62: 0 | AM62: 0 | AN62: 0 | AO62: 0 | AW62: =order!AE61 | AX62: =order!AF61 | AY62: =order!AG61 | AZ62: =order!AH61 | BA62: =order!AI61 | BB62: =order!AJ61 | BC62: =order!AK61 | BD62: =order!AL61 | ... BI62: =order!AQ61 | BQ62: 20260823
D63: 12500156550XL | E63: Bergtagen GTX Pro Jacket M | F63: FRV | G63: 0 | H63: 0 | I63: 0 | J63: 0 | K63: 0 | L63: 0 | M63: 0 | N63: 0 | O63: 0 | P63: 0 | Q63: 0 | R63: 0 | S63: 0 | T63: 0 | U63: 0 | AC63: 0 | AD63: 0 | AE63: 0 | AF63: 1 | AG63: 0 | AH63: 0 | AI63: 0 | AJ63: 0 | AK63: 0 | AL63: 0 | AM63: 0 | AN63: 0 | AO63: 0 | AW63: =order!AE62 | AX63: =order!AF62 | AY63: =order!AG62 | AZ63: =order!AH62 | BA63: =order!AI62 | BB63: =order!AJ62 | BC63: =order!AK62 | BD63: =order!AL62 | ... BI63: =order!AQ62 | BQ63: 20260823
D64: 12500156550XS | E64: Bergtagen GTX Pro Jacket M | F64: FRV | G64: 0 | H64: 0 | I64: 0 | J64: 0 | K64: 0 | L64: 0 | M64: 0 | N64: 0 | O64: 0 | P64: 0 | Q64: 0 | R64: 0 | S64: 0 | T64: 0 | U64: 0 | AC64: 0 | AD64: 0 | AE64: 0 | AF64: 1 | AG64: 0 | AH64: 0 | AI64: 0 | AJ64: 0 | AK64: 0 | AL64: 0 | AM64: 0 | AN64: 0 | AO64: 0 | AW64: =order!AE63 | AX64: =order!AF63 | AY64: =order!AG63 | AZ64: =order!AH63 | BA64: =order!AI63 | BB64: =order!AJ63 | BC64: =order!AK63 | BD64: =order!AL63 | ... BI64: =order!AQ63 | BQ64: 20260823
D65: 12500157550L | E65: Expedition X-Latt Hoodie M | F65: FRV | G65: 2 | H65: 0 | I65: 0 | J65: 0 | K65: 0 | L65: 0 | M65: 0 | N65: 0 | O65: 0 | P65: 0 | Q65: 0 | R65: 0 | S65: 0 | T65: 0 | U65: 0 | AC65: 0 | AD65: 0 | AE65: 0 | AF65: 1 | AG65: 0 | AH65: 0 | AI65: 0 | AJ65: 0 | AK65: 0 | AL65: 0 | AM65: 0 | AN65: 0 | AO65: 0 | AW65: =order!AE64 | AX65: =order!AF64 | AY65: =order!AG64 | AZ65: =order!AH64 | BA65: =order!AI64 | BB65: =order!AJ64 | BC65: =order!AK64 | BD65: =order!AL64 | ... BI65: =order!AQ64 | BQ65: 20260823
D66: 12500157550M | E66: Expedition X-Latt Hoodie M | F66: FRV | G66: 5 | H66: 0 | I66: 0 | J66: 0 | K66: 0 | L66: 0 | M66: 0 | N66: 0 | O66: 0 | P66: 0 | Q66: 0 | R66: 0 | S66: 0 | T66: 0 | U66: 0 | AC66: 0 | AD66: 0 | AE66: 0 | AF66: 1 | AG66: 0 | AH66: 0 | AI66: 1 | AJ66: 0 | AK66: 1 | AL66: 0 | AM66: 0 | AN66: 0 | AO66: 0 | AW66: =order!AE65 | AX66: =order!AF65 | AY66: =order!AG65 | AZ66: =order!AH65 | BA66: =order!AI65 | BB66: =order!AJ65 | BC66: =order!AK65 | BD66: =order!AL65 | ... BI66: =order!AQ65 | BQ66: 20260823
D67: 12500157550S | E67: Expedition X-Latt Hoodie M | F67: FRV | G67: 9 | H67: 0 | I67: 0 | J67: 0 | K67: 0 | L67: 0 | M67: 0 | N67: 0 | O67: 0 | P67: 0 | Q67: 0 | R67: 0 | S67: 0 | T67: 0 | U67: 0 | AC67: 0 | AD67: 0 | AE67: 0 | AF67: 2 | AG67: 0 | AH67: 0 | AI67: 1 | AJ67: 0 | AK67: 1 | AL67: 0 | AM67: 0 | AN67: 0 | AO67: 0 | AW67: =order!AE66 | AX67: =order!AF66 | AY67: =order!AG66 | AZ67: =order!AH66 | BA67: =order!AI66 | BB67: =order!AJ66 | BC67: =order!AK66 | BD67: =order!AL66 | ... BI67: =order!AQ66 | BQ67: 20260823
D68: 12500157550XS | E68: Expedition X-Latt Hoodie M | F68: FRV | G68: 4 | H68: 0 | I68: 0 | J68: 0 | K68: 0 | L68: 0 | M68: 0 | N68: 0 | O68: 0 | P68: 0 | Q68: 0 | R68: 0 | S68: 0 | T68: 0 | U68: 0 | AC68: 0 | AD68: 0 | AE68: 0 | AF68: 2 | AG68: 0 | AH68: 0 | AI68: 1 | AJ68: 0 | AK68: 0 | AL68: 0 | AM68: 0 | AN68: 0 | AO68: 0 | AW68: =order!AE67 | AX68: =order!AF67 | AY68: =order!AG67 | AZ68: =order!AH67 | BA68: =order!AI67 | BB68: =order!AJ67 | BC68: =order!AK67 | BD68: =order!AL67 | ... BI68: =order!AQ67 | BQ68: 20260823
D69: 12500157662L | E69: Expedition X-Latt Hoodie M | F69: FRV | G69: 2 | H69: 0 | I69: 0 | J69: 0 | K69: 0 | L69: 0 | M69: 0 | N69: 0 | O69: 0 | P69: 0 | Q69: 0 | R69: 0 | S69: 0 | T69: 0 | U69: 0 | AC69: 0 | AD69: 0 | AE69: 0 | AF69: 1 | AG69: 0 | AH69: 0 | AI69: 0 | AJ69: 0 | AK69: 0 | AL69: 0 | AM69: 0 | AN69: 0 | AO69: 0 | AW69: =order!AE68 | AX69: =order!AF68 | AY69: =order!AG68 | AZ69: =order!AH68 | BA69: =order!AI68 | BB69: =order!AJ68 | BC69: =order!AK68 | BD69: =order!AL68 | ... BI69: =order!AQ68 | BQ69: 20260823
D70: 12500157662M | E70: Expedition X-Latt Hoodie M | F70: FRV | G70: 5 | H70: 0 | I70: 0 | J70: 0 | K70: 0 | L70: 0 | M70: 0 | N70: 0 | O70: 0 | P70: 0 | Q70: 0 | R70: 0 | S70: 0 | T70: 0 | U70: 0 | AC70: 0 | AD70: 0 | AE70: 0 | AF70: 1 | AG70: 0 | AH70: 0 | AI70: 1 | AJ70: 0 | AK70: 1 | AL70: 0 | AM70: 0 | AN70: 0 | AO70: 0 | AW70: =order!AE69 | AX70: =order!AF69 | AY70: =order!AG69 | AZ70: =order!AH69 | BA70: =order!AI69 | BB70: =order!AJ69 | BC70: =order!AK69 | BD70: =order!AL69 | ... BI70: =order!AQ69 | BQ70: 20260823
D71: 12500157662S | E71: Expedition X-Latt Hoodie M | F71: FRV | G71: 8 | H71: 0 | I71: 0 | J71: 0 | K71: 0 | L71: 0 | M71: 0 | N71: 0 | O71: 0 | P71: 0 | Q71: 0 | R71: 0 | S71: 0 | T71: 0 | U71: 0 | AC71: 0 | AD71: 0 | AE71: 0 | AF71: 2 | AG71: 0 | AH71: 0 | AI71: 1 | AJ71: 0 | AK71: 1 | AL71: 0 | AM71: 0 | AN71: 0 | AO71: 0 | AW71: =order!AE70 | AX71: =order!AF70 | AY71: =order!AG70 | AZ71: =order!AH70 | BA71: =order!AI70 | BB71: =order!AJ70 | BC71: =order!AK70 | BD71: =order!AL70 | ... BI71: =order!AQ70 | BQ71: 20260823
... D451: 14200222620S | E451: Vardag Skirt W | F451: FRV | G451: 0 | H451: 0 | I451: 0 | J451: 0 | K451: 0 | L451: 0 | M451: 0 | N451: 0 | O451: 0 | P451: 0 | Q451: 0 | R451: 0 | S451: 0 | T451: 0 | U451: 0 | AC451: 0 | AD451: 0 | AE451: 0 | AF451: 1 | AG451: 0 | AH451: 0 | AI451: 0 | AJ451: 1 | AK451: 0 | AL451: 1 | AM451: 0 | AN451: 1 | AO451: 0 | AW451: =order!AE450 | AX451: =order!AF450 | AY451: =order!AG450 | AZ451: =order!AH450 | BA451: =order!AI450 | BB451: =order!AJ450 | BC451: =order!AK450 | BD451: =order!AL450 | ... BI451: =order!AQ450 | BQ451: 20260823
D452: 1420022911834 | E452: Vardag Relaxed Trousers W | F452: FRV | G452: 0 | H452: 0 | I452: 0 | J452: 0 | K452: 0 | L452: 0 | M452: 0 | N452: 0 | O452: 0 | P452: 0 | Q452: 0 | R452: 0 | S452: 0 | T452: 0 | U452: 0 | AC452: 0 | AD452: 0 | AE452: 0 | AF452: 1 | AG452: 1 | AH452: 1 | AI452: 0 | AJ452: 0 | AK452: 0 | AL452: 1 | AM452: 1 | AN452: 1 | AO452: 0 | AW452: =order!AE451 | AX452: =order!AF451 | AY452: =order!AG451 | AZ452: =order!AH451 | BA452: =order!AI451 | BB452: =order!AJ451 | BC452: =order!AK451 | BD452: =order!AL451 | ... BI452: =order!AQ451 | BQ452: 20260823
D453: 1420022911836 | E453: Vardag Relaxed Trousers W | F453: FRV | G453: 1 | H453: 0 | I453: 0 | J453: 0 | K453: 0 | L453: 0 | M453: 0 | N453: 0 | O453: 0 | P453: 0 | Q453: 0 | R453: 0 | S453: 0 | T453: 0 | U453: 0 | AC453: 0 | AD453: 1 | AE453: 0 | AF453: 1 | AG453: 1 | AH453: 1 | AI453: 1 | AJ453: 0 | AK453: 0 | AL453: 1 | AM453: 1 | AN453: 1 | AO453: 0 | AW453: =order!AE452 | AX453: =order!AF452 | AY453: =order!AG452 | AZ453: =order!AH452 | BA453: =order!AI452 | BB453: =order!AJ452 | BC453: =order!AK452 | BD453: =order!AL452 | ... BI453: =order!AQ452 | BQ453: 20260823
D454: 1420022911838 | E454: Vardag Relaxed Trousers W | F454: FRV | G454: 0 | H454: 0 | I454: 0 | J454: 0 | K454: 0 | L454: 0 | M454: 0 | N454: 0 | O454: 0 | P454: 0 | Q454: 0 | R454: 0 | S454: 0 | T454: 0 | U454: 0 | AC454: 0 | AD454: 1 | AE454: 0 | AF454: 0 | AG454: 1 | AH454: 1 | AI454: 1 | AJ454: 0 | AK454: 0 | AL454: 1 | AM454: 1 | AN454: 1 | AO454: 0 | AW454: =order!AE453 | AX454: =order!AF453 | AY454: =order!AG453 | AZ454: =order!AH453 | BA454: =order!AI453 | BB454: =order!AJ453 | BC454: =order!AK453 | BD454: =order!AL453 | ... BI454: =order!AQ453 | BQ454: 20260823
D455: 1420022955034 | E455: Vardag Relaxed Trousers W | F455: FRV | G455: 0 | H455: 0 | I455: 0 | J455: 0 | K455: 0 | L455: 0 | M455: 0 | N455: 0 | O455: 0 | P455: 0 | Q455: 0 | R455: 0 | S455: 0 | T455: 0 | U455: 0 | AC455: 0 | AD455: 1 | AE455: 0 | AF455: 1 | AG455: 1 | AH455: 1 | AI455: 0 | AJ455: 0 | AK455: 0 | AL455: 0 | AM455: 1 | AN455: 1 | AO455: 0 | AW455: =order!AE454 | AX455: =order!AF454 | AY455: =order!AG454 | AZ455: =order!AH454 | BA455: =order!AI454 | BB455: =order!AJ454 | BC455: =order!AK454 | BD455: =order!AL454 | ... BI455: =order!AQ454 | BQ455: 20260823
D456: 1420022955036 | E456: Vardag Relaxed Trousers W | F456: FRV | G456: 0 | H456: 0 | I456: 0 | J456: 0 | K456: 0 | L456: 0 | M456: 0 | N456: 0 | O456: 0 | P456: 0 | Q456: 0 | R456: 0 | S456: 0 | T456: 0 | U456: 0 | AC456: 0 | AD456: 1 | AE456: 0 | AF456: 1 | AG456: 1 | AH456: 1 | AI456: 0 | AJ456: 0 | AK456: 0 | AL456: 0 | AM456: 1 | AN456: 1 | AO456: 0 | AW456: =order!AE455 | AX456: =order!AF455 | AY456: =order!AG455 | AZ456: =order!AH455 | BA456: =order!AI455 | BB456: =order!AJ455 | BC456: =order!AK455 | BD456: =order!AL455 | ... BI456: =order!AQ455 | BQ456: 20260823
D457: 1420022955038 | E457: Vardag Relaxed Trousers W | F457: FRV | G457: 0 | H457: 0 | I457: 0 | J457: 0 | K457: 0 | L457: 0 | M457: 0 | N457: 0 | O457: 0 | P457: 0 | Q457: 0 | R457: 0 | S457: 0 | T457: 0 | U457: 0 | AC457: 0 | AD457: 1 | AE457: 0 | AF457: 1 | AG457: 1 | AH457: 1 | AI457: 0 | AJ457: 0 | AK457: 0 | AL457: 0 | AM457: 1 | AN457: 1 | AO457: 0 | AW457: =order!AE456 | AX457: =order!AF456 | AY457: =order!AG456 | AZ457: =order!AH456 | BA457: =order!AI456 | BB457: =order!AJ456 | BC457: =order!AK456 | BD457: =order!AL456 | ... BI457: =order!AQ456 | BQ457: 20260823
D458: 1420022962034 | E458: Vardag Relaxed Trousers W | F458: FRV | G458: 0 | H458: 5 | I458: 0 | J458: 0 | K458: 0 | L458: 0 | M458: 0 | N458: 0 | O458: 0 | P458: 0 | Q458: 0 | R458: 0 | S458: 0 | T458: 0 | U458: 0 | AC458: 0 | AD458: 1 | AE458: 0 | AF458: 1 | AG458: 1 | AH458: 1 | AI458: 0 | AJ458: 0 | AK458: 0 | AL458: 1 | AM458: 1 | AN458: 1 | AO458: 0 | AW458: =order!AE457 | AX458: =order!AF457 | AY458: =order!AG457 | AZ458: =order!AH457 | BA458: =order!AI457 | BB458: =order!AJ457 | BC458: =order!AK457 | BD458: =order!AL457 | ... BI458: =order!AQ457 | BQ458: 20260823
D459: 1420022962036 | E459: Vardag Relaxed Trousers W | F459: FRV | G459: 2 | H459: 6 | I459: 0 | J459: 0 | K459: 0 | L459: 0 | M459: 0 | N459: 0 | O459: 0 | P459: 0 | Q459: 0 | R459: 0 | S459: 0 | T459: 0 | U459: 0 | AC459: 0 | AD459: 1 | AE459: 0 | AF459: 1 | AG459: 1 | AH459: 1 | AI459: 1 | AJ459: 0 | AK459: 0 | AL459: 1 | AM459: 1 | AN459: 1 | AO459: 0 | AW459: =order!AE458 | AX459: =order!AF458 | AY459: =order!AG458 | AZ459: =order!AH458 | BA459: =order!AI458 | BB459: =order!AJ458 | BC459: =order!AK458 | BD459: =order!AL458 | ... BI459: =order!AQ458 | BQ459: 20260823
D460: 1420022962038 | E460: Vardag Relaxed Trousers W | F460: FRV | G460: 1 | H460: 6 | I460: 0 | J460: 0 | K460: 0 | L460: 0 | M460: 0 | N460: 0 | O460: 0 | P460: 0 | Q460: 0 | R460: 0 | S460: 0 | T460: 0 | U460: 0 | AC460: 0 | AD460: 1 | AE460: 0 | AF460: 1 | AG460: 1 | AH460: 1 | AI460: 1 | AJ460: 0 | AK460: 0 | AL460: 1 | AM460: 1 | AN460: 1 | AO460: 0 | AW460: =order!AE459 | AX460: =order!AF459 | AY460: =order!AG459 | AZ460: =order!AH459 | BA460: =order!AI459 | BB460: =order!AJ459 | BC460: =order!AK459 | BD460: =order!AL459 | ... BI460: =order!AQ459 | BQ460: 20260823
D461: 14300010550M | E461: Abisko Fjall Dress W | F461: FRV | G461: 0 | H461: 0 | I461: 0 | J461: 0 | K461: 0 | L461: 0 | M461: 0 | N461: 0 | O461: 0 | P461: 0 | Q461: 0 | R461: 0 | S461: 0 | T461: 0 | U461: 0 | AC461: 0 | AD461: 1 | AE461: 0 | AF461: 1 | AG461: 1 | AH461: 1 | AI461: 1 | AJ461: 1 | AK461: 1 | AL461: 1 | AM461: 1 | AN461: 1 | AO461: 0 | AW461: =order!AE460 | AX461: =order!AF460 | AY461: =order!AG460 | AZ461: =order!AH460 | BA461: =order!AI460 | BB461: =order!AJ460 | BC461: =order!AK460 | BD461: =order!AL460 | ... BI461: =order!AQ460 | BQ461: 20260823
D462: 14300010550S | E462: Abisko Fjall Dress W | F462: FRV | G462: 0 | H462: 0 | I462: 0 | J462: 0 | K462: 0 | L462: 0 | M462: 0 | N462: 0 | O462: 0 | P462: 0 | Q462: 0 | R462: 0 | S462: 0 | T462: 0 | U462: 0 | AC462: 0 | AD462: 1 | AE462: 0 | AF462: 1 | AG462: 1 | AH462: 1 | AI462: 1 | AJ462: 1 | AK462: 1 | AL462: 1 | AM462: 1 | AN462: 1 | AO462: 0 | AW462: =order!AE461 | AX462: =order!AF461 | AY462: =order!AG461 | AZ462: =order!AH461 | BA462: =order!AI461 | BB462: =order!AJ461 | BC462: =order!AK461 | BD462: =order!AL461 | ... BI462: =order!AQ461 | BQ462: 20260823
D463: 14300010550XS | E463: Abisko Fjall Dress W | F463: FRV | G463: 0 | H463: 0 | I463: 0 | J463: 0 | K463: 0 | L463: 0 | M463: 0 | N463: 0 | O463: 0 | P463: 0 | Q463: 0 | R463: 0 | S463: 0 | T463: 0 | U463: 0 | AC463: 0 | AD463: 1 | AE463: 0 | AF463: 1 | AG463: 1 | AH463: 0 | AI463: 0 | AJ463: 1 | AK463: 0 | AL463: 1 | AM463: 0 | AN463: 1 | AO463: 0 | AW463: =order!AE462 | AX463: =order!AF462 | AY463: =order!AG462 | AZ463: =order!AH462 | BA463: =order!AI462 | BB463: =order!AJ462 | BC463: =order!AK462 | BD463: =order!AL462 | ... BI463: =order!AQ462 | BQ463: 20260823
D464: 14300010620M | E464: Abisko Fjall Dress W | F464: FRV | G464: 0 | H464: 0 | I464: 0 | J464: 0 | K464: 0 | L464: 0 | M464: 0 | N464: 0 | O464: 0 | P464: 0 | Q464: 0 | R464: 0 | S464: 0 | T464: 0 | U464: 0 | AC464: 0 | AD464: 0 | AE464: 0 | AF464: 1 | AG464: 0 | AH464: 1 | AI464: 0 | AJ464: 0 | AK464: 0 | AL464: 0 | AM464: 0 | AN464: 1 | AO464: 0 | AW464: =order!AE463 | AX464: =order!AF463 | AY464: =order!AG463 | AZ464: =order!AH463 | BA464: =order!AI463 | BB464: =order!AJ463 | BC464: =order!AK463 | BD464: =order!AL463 | ... BI464: =order!AQ463 | BQ464: 20260823
D465: 14300010620S | E465: Abisko Fjall Dress W | F465: FRV | G465: 0 | H465: 0 | I465: 0 | J465: 0 | K465: 0 | L465: 0 | M465: 0 | N465: 0 | O465: 0 | P465: 0 | Q465: 0 | R465: 0 | S465: 0 | T465: 0 | U465: 0 | AC465: 0 | AD465: 0 | AE465: 0 | AF465: 1 | AG465: 1 | AH465: 0 | AI465: 0 | AJ465: 0 | AK465: 0 | AL465: 0 | AM465: 0 | AN465: 0 | AO465: 0 | AW465: =order!AE464 | AX465: =order!AF464 | AY465: =order!AG464 | AZ465: =order!AH464 | BA465: =order!AI464 | BB465: =order!AJ464 | BC465: =order!AK464 | BD465: =order!AL464 | ... BI465: =order!AQ464 | BQ465: 20260823
D466: 14300010620XS | E466: Abisko Fjall Dress W | F466: FRV | G466: 0 | H466: 0 | I466: 0 | J466: 0 | K466: 0 | L466: 0 | M466: 0 | N466: 0 | O466: 0 | P466: 0 | Q466: 0 | R466: 0 | S466: 0 | T466: 0 | U466: 0 | AC466: 0 | AD466: 0 | AE466: 0 | AF466: 1 | AG466: 1 | AH466: 0 | AI466: 0 | AJ466: 0 | AK466: 0 | AL466: 0 | AM466: 0 | AN466: 0 | AO466: 0 | AW466: =order!AE465 | AX466: =order!AF465 | AY466: =order!AG465 | AZ466: =order!AH465 | BA466: =order!AI465 | BB466: =order!AJ465 | BC466: =order!AK465 | BD466: =order!AL465 | ... BI466: =order!AQ465 | BQ466: 20260823
D467: 14300012537M | E467: Abisko Sun-hoodie Dress W | F467: FRV | G467: 8 | H467: 2 | I467: 0 | J467: 0 | K467: 0 | L467: 0 | M467: 0 | N467: 0 | O467: 0 | P467: 0 | Q467: 0 | R467: 0 | S467: 0 | T467: 0 | U467: 0 | AC467: 0 | AD467: 1 | AE467: 0 | AF467: 1 | AG467: 1 | AH467: 1 | AI467: 0 | AJ467: 1 | AK467: 1 | AL467: 1 | AM467: 0 | AN467: 1 | AO467: 1 | AW467: =order!AE466 | AX467: =order!AF466 | AY467: =order!AG466 | AZ467: =order!AH466 | BA467: =order!AI466 | BB467: =order!AJ466 | BC467: =order!AK466 | BD467: =order!AL466 | ... BI467: =order!AQ466 | BQ467: 20260823
D468: 14300012537S | E468: Abisko Sun-hoodie Dress W | F468: FRV | G468: 8 | H468: 2 | I468: 0 | J468: 0 | K468: 0 | L468: 0 | M468: 0 | N468: 0 | O468: 0 | P468: 0 | Q468: 0 | R468: 0 | S468: 0 | T468: 0 | U468: 0 | AC468: 0 | AD468: 1 | AE468: 0 | AF468: 1 | AG468: 1 | AH468: 1 | AI468: 0 | AJ468: 1 | AK468: 1 | AL468: 1 | AM468: 0 | AN468: 1 | AO468: 1 | AW468: =order!AE467 | AX468: =order!AF467 | AY468: =order!AG467 | AZ468: =order!AH467 | BA468: =order!AI467 | BB468: =order!AJ467 | BC468: =order!AK467 | BD468: =order!AL467 | ... BI468: =order!AQ467 | BQ468: 20260823
D469: 14300012614M | E469: Abisko Sun-hoodie Dress W | F469: FRV | G469: 6 | H469: 2 | I469: 0 | J469: 0 | K469: 0 | L469: 0 | M469: 0 | N469: 0 | O469: 0 | P469: 0 | Q469: 0 | R469: 0 | S469: 0 | T469: 0 | U469: 0 | AC469: 0 | AD469: 1 | AE469: 0 | AF469: 1 | AG469: 1 | AH469: 1 | AI469: 0 | AJ469: 1 | AK469: 1 | AL469: 1 | AM469: 0 | AN469: 1 | AO469: 1 | AW469: =order!AE468 | AX469: =order!AF468 | AY469: =order!AG468 | AZ469: =order!AH468 | BA469: =order!AI468 | BB469: =order!AJ468 | BC469: =order!AK468 | BD469: =order!AL468 | ... BI469: =order!AQ468 | BQ469: 20260823
D470: 14300012614S | E470: Abisko Sun-hoodie Dress W | F470: FRV | G470: 6 | H470: 3 | I470: 0 | J470: 0 | K470: 0 | L470: 0 | M470: 0 | N470: 0 | O470: 0 | P470: 0 | Q470: 0 | R470: 0 | S470: 0 | T470: 0 | U470: 0 | AC470: 0 | AD470: 1 | AE470: 0 | AF470: 1 | AG470: 1 | AH470: 1 | AI470: 0 | AJ470: 1 | AK470: 1 | AL470: 1 | AM470: 0 | AN470: 1 | AO470: 1 | AW470: =order!AE469 | AX470: =order!AF469 | AY470: =order!AG469 | AZ470: =order!AH469 | BA470: =order!AI469 | BB470: =order!AJ469 | BC470: =order!AK469 | BD470: =order!AL469 | ... BI470: =order!AQ469 | BQ470: 20260823
D471: 14300013030M | E471: ovik Hemp Dress W | F471: FRV | G471: 0 | H471: 0 | I471: 0 | J471: 0 | K471: 0 | L471: 0 | M471: 0 | N471: 0 | O471: 0 | P471: 0 | Q471: 0 | R471: 0 | S471: 0 | T471: 0 | U471: 0 | AC471: 0 | AD471: 0 | AE471: 0 | AF471: 1 | AG471: 0 | AH471: 0 | AI471: 0 | AJ471: 0 | AK471: 0 | AL471: 0 | AM471: 0 | AN471: 0 | AO471: 0 | AW471: =order!AE470 | AX471: =order!AF470 | AY471: =order!AG470 | AZ471: =order!AH470 | BA471: =order!AI470 | BB471: =order!AJ470 | BC471: =order!AK470 | BD471: =order!AL470 | ... BI471: =order!AQ470 | BQ471: 20260823
D472: 14300013030XS | E472: ovik Hemp Dress W | F472: FRV | G472: 0 | H472: 0 | I472: 0 | J472: 0 | K472: 0 | L472: 0 | M472: 0 | N472: 0 | O472: 0 | P472: 0 | Q472: 0 | R472: 0 | S472: 0 | T472: 0 | U472: 0 | AC472: 0 | AD472: 0 | AE472: 0 | AF472: 1 | AG472: 0 | AH472: 0 | AI472: 0 | AJ472: 0 | AK472: 0 | AL472: 0 | AM472: 0 | AN472: 0 | AO472: 0 | AW472: =order!AE471 | AX472: =order!AF471 | AY472: =order!AG471 | AZ472: =order!AH471 | BA472: =order!AI471 | BB472: =order!AJ471 | BC472: =order!AK471 | BD472: =order!AL471 | ... BI472: =order!AQ471 | BQ472: 20260823
... D1402: 77279633XL | E1402: Singi Trekking Cap | F1402: FRV | G1402: 0 | H1402: 0 | I1402: 0 | J1402: 0 | K1402: 0 | L1402: 0 | M1402: 0 | N1402: 0 | O1402: 0 | P1402: 0 | Q1402: 0 | R1402: 0 | S1402: 0 | T1402: 0 | U1402: 0 | AC1402: 0 | AD1402: 1 | AE1402: 0 | AF1402: 0 | AG1402: 1 | AH1402: 1 | AI1402: 1 | AJ1402: 2 | AK1402: 0 | AL1402: 1 | AM1402: 0 | AN1402: 1 | AO1402: 0 | AW1402: =order!AE1401 | AX1402: =order!AF1401 | AY1402: =order!AG1401 | AZ1402: =order!AH1401 | BA1402: =order!AI1401 | BB1402: =order!AJ1401 | BC1402: =order!AK1401 | BD1402: =order!AL1401 | ... BI1402: =order!AQ1401 | BQ1402: 20260823
D1403: 7728124985 | E1403: Singi Belt 4 cm | F1403: FRV | G1403: 0 | H1403: 0 | I1403: 0 | J1403: 0 | K1403: 0 | L1403: 0 | M1403: 0 | N1403: 0 | O1403: 0 | P1403: 0 | Q1403: 0 | R1403: 0 | S1403: 0 | T1403: 0 | U1403: 0 | AC1403: 0 | AD1403: 0 | AE1403: 0 | AF1403: 0 | AG1403: 0 | AH1403: 0 | AI1403: 2 | AJ1403: 0 | AK1403: 0 | AL1403: 1 | AM1403: 0 | AN1403: 1 | AO1403: 0 | AW1403: =order!AE1402 | AX1403: =order!AF1402 | AY1403: =order!AG1402 | AZ1403: =order!AH1402 | BA1403: =order!AI1402 | BB1403: =order!AJ1402 | BC1403: =order!AK1402 | BD1403: =order!AL1402 | ... BI1403: =order!AQ1402 | BQ1403: 20260823
D1404: 77292550S/M | E1404: Singi Gaiters | F1404: FRV | G1404: 0 | H1404: 0 | I1404: 0 | J1404: 0 | K1404: 0 | L1404: 0 | M1404: 0 | N1404: 0 | O1404: 0 | P1404: 0 | Q1404: 0 | R1404: 0 | S1404: 0 | T1404: 0 | U1404: 0 | AC1404: 0 | AD1404: 0 | AE1404: 0 | AF1404: 0 | AG1404: 1 | AH1404: 0 | AI1404: 0 | AJ1404: 0 | AK1404: 0 | AL1404: 0 | AM1404: 0 | AN1404: 0 | AO1404: 0 | AW1404: =order!AE1403 | AX1404: =order!AF1403 | AY1404: =order!AG1403 | AZ1404: =order!AH1403 | BA1404: =order!AI1403 | BB1404: =order!AJ1403 | BC1404: =order!AK1403 | BD1404: =order!AL1403 | ... BI1404: =order!AQ1403 | BQ1404: 20260823
D1405: 77292633L/XL | E1405: Singi Gaiters | F1405: FRV | G1405: 2 | H1405: 0 | I1405: 0 | J1405: 0 | K1405: 0 | L1405: 0 | M1405: 0 | N1405: 0 | O1405: 0 | P1405: 0 | Q1405: 0 | R1405: 0 | S1405: 0 | T1405: 0 | U1405: 0 | AC1405: 0 | AD1405: 0 | AE1405: 0 | AF1405: 0 | AG1405: 0 | AH1405: 0 | AI1405: 0 | AJ1405: 0 | AK1405: 0 | AL1405: 0 | AM1405: 0 | AN1405: 0 | AO1405: 0 | AW1405: =order!AE1404 | AX1405: =order!AF1404 | AY1405: =order!AG1404 | AZ1405: =order!AH1404 | BA1405: =order!AI1404 | BB1405: =order!AJ1404 | BC1405: =order!AK1404 | BD1405: =order!AL1404 | ... BI1405: =order!AQ1404 | BQ1405: 20260823
D1406: 77292633S/M | E1406: Singi Gaiters | F1406: FRV | G1406: 10 | H1406: 0 | I1406: 0 | J1406: 0 | K1406: 0 | L1406: 0 | M1406: 0 | N1406: 0 | O1406: 0 | P1406: 0 | Q1406: 0 | R1406: 0 | S1406: 0 | T1406: 0 | U1406: 0 | AC1406: 0 | AD1406: 0 | AE1406: 0 | AF1406: 0 | AG1406: 2 | AH1406: 0 | AI1406: 0 | AJ1406: 1 | AK1406: 0 | AL1406: 1 | AM1406: 0 | AN1406: 1 | AO1406: 0 | AW1406: =order!AE1405 | AX1406: =order!AF1405 | AY1406: =order!AG1405 | AZ1406: =order!AH1405 | BA1406: =order!AI1405 | BB1406: =order!AJ1405 | BC1406: =order!AK1405 | BD1406: =order!AL1405 | ... BI1406: =order!AQ1405 | BQ1406: 20260823
D1407: 77295550L | E1407: Singi Field Cap | F1407: FRV | G1407: 0 | H1407: 0 | I1407: 0 | J1407: 0 | K1407: 0 | L1407: 0 | M1407: 0 | N1407: 0 | O1407: 0 | P1407: 0 | Q1407: 0 | R1407: 0 | S1407: 0 | T1407: 0 | U1407: 0 | AC1407: 0 | AD1407: 0 | AE1407: 0 | AF1407: 1 | AG1407: 0 | AH1407: 0 | AI1407: 0 | AJ1407: 0 | AK1407: 0 | AL1407: 0 | AM1407: 0 | AN1407: 0 | AO1407: 0 | AW1407: =order!AE1406 | AX1407: =order!AF1406 | AY1407: =order!AG1406 | AZ1407: =order!AH1406 | BA1407: =order!AI1406 | BB1407: =order!AJ1406 | BC1407: =order!AK1406 | BD1407: =order!AL1406 | ... BI1407: =order!AQ1406 | BQ1407: 20260823
D1408: 77295550M | E1408: Singi Field Cap | F1408: FRV | G1408: 0 | H1408: 0 | I1408: 0 | J1408: 0 | K1408: 0 | L1408: 0 | M1408: 0 | N1408: 0 | O1408: 0 | P1408: 0 | Q1408: 0 | R1408: 0 | S1408: 0 | T1408: 0 | U1408: 0 | AC1408: 0 | AD1408: 1 | AE1408: 0 | AF1408: 1 | AG1408: 0 | AH1408: 0 | AI1408: 0 | AJ1408: 0 | AK1408: 0 | AL1408: 0 | AM1408: 0 | AN1408: 0 | AO1408: 0 | AW1408: =order!AE1407 | AX1408: =order!AF1407 | AY1408: =order!AG1407 | AZ1408: =order!AH1407 | BA1408: =order!AI1407 | BB1408: =order!AJ1407 | BC1408: =order!AK1407 | BD1408: =order!AL1407 | ... BI1408: =order!AQ1407 | BQ1408: 20260823
D1409: 77295633L | E1409: Singi Field Cap | F1409: FRV | G1409: 0 | H1409: 0 | I1409: 0 | J1409: 0 | K1409: 0 | L1409: 0 | M1409: 0 | N1409: 0 | O1409: 0 | P1409: 0 | Q1409: 0 | R1409: 0 | S1409: 0 | T1409: 0 | U1409: 0 | AC1409: 0 | AD1409: 0 | AE1409: 0 | AF1409: 1 | AG1409: 0 | AH1409: 0 | AI1409: 0 | AJ1409: 0 | AK1409: 0 | AL1409: 0 | AM1409: 0 | AN1409: 0 | AO1409: 0 | AW1409: =order!AE1408 | AX1409: =order!AF1408 | AY1409: =order!AG1408 | AZ1409: =order!AH1408 | BA1409: =order!AI1408 | BB1409: =order!AJ1408 | BC1409: =order!AK1408 | BD1409: =order!AL1408 | ... BI1409: =order!AQ1408 | BQ1409: 20260823
D1410: 77295633M | E1410: Singi Field Cap | F1410: FRV | G1410: 0 | H1410: 0 | I1410: 0 | J1410: 0 | K1410: 0 | L1410: 0 | M1410: 0 | N1410: 0 | O1410: 0 | P1410: 0 | Q1410: 0 | R1410: 0 | S1410: 0 | T1410: 0 | U1410: 0 | AC1410: 0 | AD1410: 2 | AE1410: 0 | AF1410: 1 | AG1410: 0 | AH1410: 0 | AI1410: 0 | AJ1410: 0 | AK1410: 0 | AL1410: 0 | AM1410: 0 | AN1410: 2 | AO1410: 0 | AW1410: =order!AE1409 | AX1410: =order!AF1409 | AY1410: =order!AG1409 | AZ1410: =order!AH1409 | BA1410: =order!AI1409 | BB1410: =order!AJ1409 | BC1410: =order!AK1409 | BD1410: =order!AL1409 | ... BI1410: =order!AQ1409 | BQ1410: 20260823
D1411: 77297032X | E1411: Canvas Brass Belt 4 cm | F1411: FRV | G1411: 0 | H1411: 0 | I1411: 0 | J1411: 0 | K1411: 0 | L1411: 0 | M1411: 0 | N1411: 0 | O1411: 0 | P1411: 0 | Q1411: 0 | R1411: 0 | S1411: 0 | T1411: 0 | U1411: 0 | AC1411: 0 | AD1411: 2 | AE1411: 0 | AF1411: 0 | AG1411: 0 | AH1411: 2 | AI1411: 0 | AJ1411: 2 | AK1411: 0 | AL1411: 1 | AM1411: 1 | AN1411: 2 | AO1411: 0 | AW1411: =order!AE1410 | AX1411: =order!AF1410 | AY1411: =order!AG1410 | AZ1411: =order!AH1410 | BA1411: =order!AI1410 | BB1411: =order!AJ1410 | BC1411: =order!AK1410 | BD1411: =order!AL1410 | ... BI1411: =order!AQ1410 | BQ1411: 20260823
D1412: 77297232X | E1412: Canvas Brass Belt 4 cm | F1412: FRV | G1412: 0 | H1412: 0 | I1412: 0 | J1412: 0 | K1412: 0 | L1412: 0 | M1412: 0 | N1412: 0 | O1412: 0 | P1412: 0 | Q1412: 0 | R1412: 0 | S1412: 0 | T1412: 0 | U1412: 0 | AC1412: 0 | AD1412: 1 | AE1412: 0 | AF1412: 0 | AG1412: 0 | AH1412: 0 | AI1412: 0 | AJ1412: 0 | AK1412: 0 | AL1412: 2 | AM1412: 0 | AN1412: 0 | AO1412: 0 | AW1412: =order!AE1411 | AX1412: =order!AF1411 | AY1412: =order!AG1411 | AZ1412: =order!AH1411 | BA1412: =order!AI1411 | BB1412: =order!AJ1411 | BC1412: =order!AK1411 | BD1412: =order!AL1411 | ... BI1412: =order!AQ1411 | BQ1412: 20260823
D1413: 77297550X | E1413: Canvas Brass Belt 4 cm | F1413: FRV | G1413: 0 | H1413: 0 | I1413: 0 | J1413: 0 | K1413: 0 | L1413: 0 | M1413: 0 | N1413: 0 | O1413: 0 | P1413: 0 | Q1413: 0 | R1413: 0 | S1413: 0 | T1413: 0 | U1413: 0 | AC1413: 0 | AD1413: 1 | AE1413: 0 | AF1413: 1 | AG1413: 0 | AH1413: 0 | AI1413: 2 | AJ1413: 0 | AK1413: 0 | AL1413: 2 | AM1413: 0 | AN1413: 1 | AO1413: 0 | AW1413: =order!AE1412 | AX1413: =order!AF1412 | AY1413: =order!AG1412 | AZ1413: =order!AH1412 | BA1413: =order!AI1412 | BB1413: =order!AJ1412 | BC1413: =order!AK1412 | BD1413: =order!AL1412 | ... BI1413: =order!AQ1412 | BQ1413: 20260823
D1414: 77297555X | E1414: Canvas Brass Belt 4 cm | F1414: FRV | G1414: 5 | H1414: 0 | I1414: 0 | J1414: 0 | K1414: 0 | L1414: 0 | M1414: 0 | N1414: 0 | O1414: 0 | P1414: 0 | Q1414: 0 | R1414: 0 | S1414: 0 | T1414: 0 | U1414: 0 | AC1414: 0 | AD1414: 2 | AE1414: 0 | AF1414: 1 | AG1414: 0 | AH1414: 1 | AI1414: 0 | AJ1414: 2 | AK1414: 0 | AL1414: 2 | AM1414: 0 | AN1414: 2 | AO1414: 0 | AW1414: =order!AE1413 | AX1414: =order!AF1413 | AY1414: =order!AG1413 | AZ1414: =order!AH1413 | BA1414: =order!AI1413 | BB1414: =order!AJ1413 | BC1414: =order!AK1413 | BD1414: =order!AL1413 | ... BI1414: =order!AQ1413 | BQ1414: 20260823
D1415: 77297633X | E1415: Canvas Brass Belt 4 cm | F1415: FRV | G1415: 0 | H1415: 0 | I1415: 0 | J1415: 0 | K1415: 0 | L1415: 0 | M1415: 0 | N1415: 0 | O1415: 0 | P1415: 0 | Q1415: 0 | R1415: 0 | S1415: 0 | T1415: 0 | U1415: 0 | AC1415: 0 | AD1415: 0 | AE1415: 0 | AF1415: 0 | AG1415: 0 | AH1415: 1 | AI1415: 0 | AJ1415: 0 | AK1415: 0 | AL1415: 2 | AM1415: 0 | AN1415: 0 | AO1415: 0 | AW1415: =order!AE1414 | AX1415: =order!AF1414 | AY1415: =order!AG1414 | AZ1415: =order!AH1414 | BA1415: =order!AI1414 | BB1415: =order!AJ1414 | BC1415: =order!AK1414 | BD1415: =order!AL1414 | ... BI1415: =order!AQ1414 | BQ1415: 20260823
... D1617: 79339030M | E1617: Marlin Mosquito Hat | F1617: FRV | G1617: 0 | H1617: 0 | I1617: 0 | J1617: 0 | K1617: 0 | L1617: 0 | M1617: 0 | N1617: 0 | O1617: 0 | P1617: 0 | Q1617: 0 | R1617: 0 | S1617: 0 | T1617: 0 | U1617: 0 | AC1617: 0 | AD1617: 1 | AE1617: 0 | AF1617: 0 | AG1617: 0 | AH1617: 0 | AI1617: 0 | AJ1617: 1 | AK1617: 0 | AL1617: 2 | AM1617: 0 | AN1617: 0 | AO1617: 0 | AW1617: =order!AE1616 | AX1617: =order!AF1616 | AY1617: =order!AG1616 | AZ1617: =order!AH1616 | BA1617: =order!AI1616 | BB1617: =order!AJ1616 | BC1617: =order!AK1616 | BD1617: =order!AL1616 | ... BI1617: =order!AQ1616 | BQ1617: 20260823
D1618: 80538614110 | E1618: Kids Fjallraven Logo T-shirt | F1618: FRV | G1618: 1 | H1618: 0 | I1618: 0 | J1618: 0 | K1618: 0 | L1618: 0 | M1618: 0 | N1618: 0 | O1618: 0 | P1618: 0 | Q1618: 0 | R1618: 0 | S1618: 0 | T1618: 0 | U1618: 0 | AC1618: 0 | AD1618: 0 | AE1618: 0 | AF1618: 0 | AG1618: 0 | AH1618: 0 | AI1618: 0 | AJ1618: 0 | AK1618: 0 | AL1618: 0 | AM1618: 0 | AN1618: 0 | AO1618: 0 | AW1618: =order!AE1617 | AX1618: =order!AF1617 | AY1618: =order!AG1617 | AZ1618: =order!AH1617 | BA1618: =order!AI1617 | BB1618: =order!AJ1617 | BC1618: =order!AK1617 | BD1618: =order!AL1617 | ... BI1618: =order!AQ1617 | BQ1618: 20260823
D1619: 80538614122 | E1619: Kids Fjallraven Logo T-shirt | F1619: FRV | G1619: 1 | H1619: 0 | I1619: 0 | J1619: 0 | K1619: 0 | L1619: 0 | M1619: 0 | N1619: 0 | O1619: 0 | P1619: 0 | Q1619: 0 | R1619: 0 | S1619: 0 | T1619: 0 | U1619: 0 | AC1619: 0 | AD1619: 0 | AE1619: 0 | AF1619: 0 | AG1619: 0 | AH1619: 0 | AI1619: 0 | AJ1619: 0 | AK1619: 0 | AL1619: 0 | AM1619: 0 | AN1619: 0 | AO1619: 0 | AW1619: =order!AE1618 | AX1619: =order!AF1618 | AY1619: =order!AG1618 | AZ1619: =order!AH1618 | BA1619: =order!AI1618 | BB1619: =order!AJ1618 | BC1619: =order!AK1618 | BD1619: =order!AL1618 | ... BI1619: =order!AQ1618 | BQ1619: 20260823
D1620: 80538614134 | E1620: Kids Fjallraven Logo T-shirt | F1620: FRV | G1620: 1 | H1620: 0 | I1620: 0 | J1620: 0 | K1620: 0 | L1620: 0 | M1620: 0 | N1620: 0 | O1620: 0 | P1620: 0 | Q1620: 0 | R1620: 0 | S1620: 0 | T1620: 0 | U1620: 0 | AC1620: 0 | AD1620: 0 | AE1620: 0 | AF1620: 0 | AG1620: 0 | AH1620: 0 | AI1620: 0 | AJ1620: 0 | AK1620: 0 | AL1620: 0 | AM1620: 0 | AN1620: 0 | AO1620: 0 | AW1620: =order!AE1619 | AX1620: =order!AF1619 | AY1620: =order!AG1619 | AZ1620: =order!AH1619 | BA1620: =order!AI1619 | BB1620: =order!AJ1619 | BC1620: =order!AK1619 | BD1620: =order!AL1619 | ... BI1620: =order!AQ1619 | BQ1620: 20260823
D1621: 80634510L | E1621: Fjallraven Polar Parka M | F1621: FRV | G1621: 2 | H1621: 0 | I1621: 0 | J1621: 0 | K1621: 0 | L1621: 0 | M1621: 0 | N1621: 0 | O1621: 0 | P1621: 0 | Q1621: 0 | R1621: 0 | S1621: 0 | T1621: 0 | U1621: 0 | AC1621: 0 | AD1621: 0 | AE1621: 0 | AF1621: 0 | AG1621: 0 | AH1621: 0 | AI1621: 0 | AJ1621: 0 | AK1621: 0 | AL1621: 0 | AM1621: 0 | AN1621: 0 | AO1621: 0 | AW1621: =order!AE1620 | AX1621: =order!AF1620 | AY1621: =order!AG1620 | AZ1621: =order!AH1620 | BA1621: =order!AI1620 | BB1621: =order!AJ1620 | BC1621: =order!AK1620 | BD1621: =order!AL1620 | ... BI1621: =order!AQ1620 | BQ1621: 20260823
...

Sheet order
C1: =SUBTOTAL(9,C4:C3500) | D1: =SUBTOTAL(9,D4:D3500) | E1: =SUBTOTAL(9,E4:E3500) | F1: =SUBTOTAL(9,F4:F3500) | G1: =SUBTOTAL(9,G4:G3500) | H1: =SUBTOTAL(9,H4:H3500) | I1: =SUBTOTAL(9,I4:I3500) | J1: =SUBTOTAL(9,J4:J3500) | ... AQ1: =SUBTOTAL(9,AQ4:AQ3500)
C2: 確保 | R2: 在庫 | AE2: ORDER | AR2: 過不足
A3: 商品コード | B3: 商品名 | C3: NWA | D3: RETAIL確保 | E3: ZOZO | F3: 名古屋 | G3: 丸井web | H3: YSEC | I3: TOKYO | J3: ルクア大阪 | K3: ヒュッテ | L3: 京王新宿 | M3: 6142 | N3: 玉川高島屋 | O3: NODE | P3: 大丸心斎橋 | Q3: NARITA | R3: ZOZO | S3: 名古屋 | T3: 丸井web | U3: YSEC | V3: TOKYO | W3: ルクア大阪 | X3: ヒュッテ | Y3: 京王新宿 | Z3: 6142 | AA3: 玉川高島屋 | AB3: NODE | AC3: 大丸心斎橋 | AD3: NARITA | AE3: ZOZO | AF3: 名古屋 | AG3: 丸井web | AH3: YSEC | AI3: TOKYO | AJ3: ルクア大阪 | AK3: ヒュッテ | AL3: 京王新宿 | AM3: 6142 | AN3: 玉川高島屋 | AO3: NODE | AP3: 大丸心斎橋 | AQ3: NARITA | AR3: ZOZO | AS3: 名古屋 | AT3: 丸井web | AU3: YSEC | AV3: TOKYO | AW3: ルクア大阪 | AX3: ヒュッテ | AY3: 京王新宿 | AZ3: 6142 | BA3: 玉川高島屋 | BB3: NODE | BC3: 大丸心斎橋 | BD3: NARITA | BG3: 過不足 | BH3: 希望品 | BI3: HUTTE | BJ3: ZOZO | BK3: OIOI | BL3: R | BM3: 特価
A4: 12100003210L/XL | B4: Varmland Cap | E4: 0 | F4: 0 | G4: 0 | H4: 0 | I4: 0 | J4: 0 | K4: 0 | L4: 0 | M4: 0 | N4: 0 | O4: 0 | P4: 0 | Q4: 0 | S4: 1 | U4: 1 | W4: 1 | AR4: =E4-AE4 | AS4: =F4-AF4 | AT4: =G4-AG4 | AU4: =H4-AH4 | AV4: =I4-AI4 | AW4: =J4-AJ4 | AX4: =K4-AK4 | AY4: =L4-AL4 | ... BD4: =Q4-AQ4 | BE4: =SUMIF(AR4:BD4,"<0",AR4:BD4) | BF4: =IF(BE4<0,D4+BE4,D4) | BG4: =IF(IF(BF4<0,C4+BF4,C4)=0,"",IF(BF4<0,C4+BF4,C4)) | BJ4: 0 | BK4: 0 | BL4: 1
A5: 12100003210S/M | B5: Varmland Cap | E5: 0 | F5: 0 | G5: 0 | H5: 0 | I5: 0 | J5: 0 | K5: 0 | L5: 0 | M5: 0 | N5: 0 | O5: 0 | P5: 0 | Q5: 0 | S5: 1 | U5: 1 | W5: 1 | X5: 1 | AC5: 1 | AR5: =E5-AE5 | AS5: =F5-AF5 | AT5: =G5-AG5 | AU5: =H5-AH5 | AV5: =I5-AI5 | AW5: =J5-AJ5 | AX5: =K5-AK5 | AY5: =L5-AL5 | ... BD5: =Q5-AQ5 | BE5: =SUMIF(AR5:BD5,"<0",AR5:BD5) | BF5: =IF(BE5<0,D5+BE5,D5) | BG5: =IF(IF(BF5<0,C5+BF5,C5)=0,"",IF(BF5<0,C5+BF5,C5)) | BJ5: 0 | BK5: 0 | BL5: 2
A6: 12100003625L/XL | B6: Varmland Cap | E6: 0 | F6: 0 | G6: 0 | H6: 0 | I6: 0 | J6: 0 | K6: 0 | L6: 0 | M6: 0 | N6: 0 | O6: 0 | P6: 0 | Q6: 0 | W6: 2 | Y6: 1 | AC6: 1 | AR6: =E6-AE6 | AS6: =F6-AF6 | AT6: =G6-AG6 | AU6: =H6-AH6 | AV6: =I6-AI6 | AW6: =J6-AJ6 | AX6: =K6-AK6 | AY6: =L6-AL6 | ... BD6: =Q6-AQ6 | BE6: =SUMIF(AR6:BD6,"<0",AR6:BD6) | BF6: =IF(BE6<0,D6+BE6,D6) | BG6: =IF(IF(BF6<0,C6+BF6,C6)=0,"",IF(BF6<0,C6+BF6,C6)) | BJ6: 0 | BK6: 0 | BL6: 3
A7: 12100003625S/M | B7: Varmland Cap | E7: 0 | F7: 0 | G7: 0 | H7: 0 | I7: 0 | J7: 0 | K7: 0 | L7: 0 | M7: 0 | N7: 0 | O7: 0 | P7: 0 | Q7: 0 | S7: 2 | W7: 2 | X7: 2 | Y7: 2 | AA7: 2 | AC7: 1 | AR7: =E7-AE7 | AS7: =F7-AF7 | AT7: =G7-AG7 | AU7: =H7-AH7 | AV7: =I7-AI7 | AW7: =J7-AJ7 | AX7: =K7-AK7 | AY7: =L7-AL7 | ... BD7: =Q7-AQ7 | BE7: =SUMIF(AR7:BD7,"<0",AR7:BD7) | BF7: =IF(BE7<0,D7+BE7,D7) | BG7: =IF(IF(BF7<0,C7+BF7,C7)=0,"",IF(BF7<0,C7+BF7,C7)) | BJ7: 0 | BK7: 0 | BL7: 4
A8: 12100003662L/XL | B8: Varmland Cap | E8: 0 | F8: 0 | G8: 0 | H8: 0 | I8: 0 | J8: 0 | K8: 0 | L8: 0 | M8: 0 | N8: 0 | O8: 0 | P8: 0 | Q8: 0 | S8: 1 | AR8: =E8-AE8 | AS8: =F8-AF8 | AT8: =G8-AG8 | AU8: =H8-AH8 | AV8: =I8-AI8 | AW8: =J8-AJ8 | AX8: =K8-AK8 | AY8: =L8-AL8 | ... BD8: =Q8-AQ8 | BE8: =SUMIF(AR8:BD8,"<0",AR8:BD8) | BF8: =IF(BE8<0,D8+BE8,D8) | BG8: =IF(IF(BF8<0,C8+BF8,C8)=0,"",IF(BF8<0,C8+BF8,C8)) | BJ8: 0 | BK8: 0 | BL8: 5
A9: 12100003662S/M | B9: Varmland Cap | E9: 0 | F9: 0 | G9: 0 | H9: 0 | I9: 0 | J9: 0 | K9: 0 | L9: 0 | M9: 0 | N9: 0 | O9: 0 | P9: 0 | Q9: 0 | S9: 1 | U9: 1 | W9: 1 | X9: 2 | Y9: 1 | AA9: 1 | AC9: 2 | AR9: =E9-AE9 | AS9: =F9-AF9 | AT9: =G9-AG9 | AU9: =H9-AH9 | AV9: =I9-AI9 | AW9: =J9-AJ9 | AX9: =K9-AK9 | AY9: =L9-AL9 | ... BD9: =Q9-AQ9 | BE9: =SUMIF(AR9:BD9,"<0",AR9:BD9) | BF9: =IF(BE9<0,D9+BE9,D9) | BG9: =IF(IF(BF9<0,C9+BF9,C9)=0,"",IF(BF9<0,C9+BF9,C9)) | BJ9: 0 | BK9: 0 | BL9: 6
A10: 12100004113L/XL | B10: High Coast Wind Cap | E10: 0 | F10: 0 | G10: 0 | H10: 0 | I10: 0 | J10: 0 | K10: 0 | L10: 0 | M10: 0 | N10: 0 | O10: 0 | P10: 0 | Q10: 0 | V10: 1 | Y10: 1 | AR10: =E10-AE10 | AS10: =F10-AF10 | AT10: =G10-AG10 | AU10: =H10-AH10 | AV10: =I10-AI10 | AW10: =J10-AJ10 | AX10: =K10-AK10 | AY10: =L10-AL10 | ... BD10: =Q10-AQ10 | BE10: =SUMIF(AR10:BD10,"<0",AR10:BD10) | BF10: =IF(BE10<0,D10+BE10,D10) | BG10: =IF(IF(BF10<0,C10+BF10,C10)=0,"",IF(BF10<0,C10+BF10,C10)) | BJ10: 0 | BK10: 0 | BL10: 7
A11: 12100004300L/XL | B11: High Coast Wind Cap | E11: 0 | F11: 0 | G11: 0 | H11: 0 | I11: 0 | J11: 0 | K11: 0 | L11: 0 | M11: 0 | N11: 0 | O11: 0 | P11: 0 | Q11: 0 | S11: 1 | AR11: =E11-AE11 | AS11: =F11-AF11 | AT11: =G11-AG11 | AU11: =H11-AH11 | AV11: =I11-AI11 | AW11: =J11-AJ11 | AX11: =K11-AK11 | AY11: =L11-AL11 | ... BD11: =Q11-AQ11 | BE11: =SUMIF(AR11:BD11,"<0",AR11:BD11) | BF11: =IF(BE11<0,D11+BE11,D11) | BG11: =IF(IF(BF11<0,C11+BF11,C11)=0,"",IF(BF11<0,C11+BF11,C11)) | BJ11: 0 | BK11: 0 | BL11: 8
A12: 12100004300S/M | B12: High Coast Wind Cap | C12: 1 | E12: 0 | F12: 0 | G12: 0 | H12: 0 | I12: 0 | J12: 0 | K12: 0 | L12: 0 | M12: 0 | N12: 0 | O12: 0 | P12: 0 | Q12: 0 | S12: 1 | U12: 2 | W12: 1 | AC12: 1 | AR12: =E12-AE12 | AS12: =F12-AF12 | AT12: =G12-AG12 | AU12: =H12-AH12 | AV12: =I12-AI12 | AW12: =J12-AJ12 | AX12: =K12-AK12 | AY12: =L12-AL12 | ... BD12: =Q12-AQ12 | BE12: =SUMIF(AR12:BD12,"<0",AR12:BD12) | BF12: =IF(BE12<0,D12+BE12,D12) | BG12: =IF(IF(BF12<0,C12+BF12,C12)=0,"",IF(BF12<0,C12+BF12,C12)) | BJ12: 0 | BK12: 0 | BL12: 9
A13: 12100004550L/XL | B13: High Coast Wind Cap | E13: 0 | F13: 0 | G13: 0 | H13: 0 | I13: 0 | J13: 0 | K13: 0 | L13: 0 | M13: 0 | N13: 0 | O13: 0 | P13: 0 | Q13: 0 | S13: 1 | Y13: 1 | AR13: =E13-AE13 | AS13: =F13-AF13 | AT13: =G13-AG13 | AU13: =H13-AH13 | AV13: =I13-AI13 | AW13: =J13-AJ13 | AX13: =K13-AK13 | AY13: =L13-AL13 | ... BD13: =Q13-AQ13 | BE13: =SUMIF(AR13:BD13,"<0",AR13:BD13) | BF13: =IF(BE13<0,D13+BE13,D13) | BG13: =IF(IF(BF13<0,C13+BF13,C13)=0,"",IF(BF13<0,C13+BF13,C13)) | BJ13: 0 | BK13: 0 | BL13: 10
A14: 12100004550S/M | B14: High Coast Wind Cap | E14: 0 | F14: 0 | G14: 0 | H14: 0 | I14: 0 | J14: 0 | K14: 0 | L14: 0 | M14: 0 | N14: 0 | O14: 0 | P14: 0 | Q14: 0 | X14: 1 | Y14: 2 | AR14: =E14-AE14 | AS14: =F14-AF14 | AT14: =G14-AG14 | AU14: =H14-AH14 | AV14: =I14-AI14 | AW14: =J14-AJ14 | AX14: =K14-AK14 | AY14: =L14-AL14 | ... BD14: =Q14-AQ14 | BE14: =SUMIF(AR14:BD14,"<0",AR14:BD14) | BF14: =IF(BE14<0,D14+BE14,D14) | BG14: =IF(IF(BF14<0,C14+BF14,C14)=0,"",IF(BF14<0,C14+BF14,C14)) | BJ14: 0 | BK14: 0 | BL14: 11
A15: 12100004555S/M | B15: High Coast Wind Cap | C15: 1 | E15: 0 | F15: 0 | G15: 0 | H15: 0 | I15: 0 | J15: 0 | K15: 0 | L15: 0 | M15: 0 | N15: 0 | O15: 0 | P15: 0 | Q15: 0 | AR15: =E15-AE15 | AS15: =F15-AF15 | AT15: =G15-AG15 | AU15: =H15-AH15 | AV15: =I15-AI15 | AW15: =J15-AJ15 | AX15: =K15-AK15 | AY15: =L15-AL15 | ... BD15: =Q15-AQ15 | BE15: =SUMIF(AR15:BD15,"<0",AR15:BD15) | BF15: =IF(BE15<0,D15+BE15,D15) | BG15: =IF(IF(BF15<0,C15+BF15,C15)=0,"",IF(BF15<0,C15+BF15,C15)) | BJ15: 0 | BK15: 0 | BL15: 12
A16: 12100004574-118L/XL | B16: High Coast Wind Cap | E16: 0 | F16: 0 | G16: 0 | H16: 0 | I16: 0 | J16: 0 | K16: 0 | L16: 0 | M16: 0 | N16: 0 | O16: 0 | P16: 0 | Q16: 0 | W16: 1 | AR16: =E16-AE16 | AS16: =F16-AF16 | AT16: =G16-AG16 | AU16: =H16-AH16 | AV16: =I16-AI16 | AW16: =J16-AJ16 | AX16: =K16-AK16 | AY16: =L16-AL16 | ... BD16: =Q16-AQ16 | BE16: =SUMIF(AR16:BD16,"<0",AR16:BD16) | BF16: =IF(BE16<0,D16+BE16,D16) | BG16: =IF(IF(BF16<0,C16+BF16,C16)=0,"",IF(BF16<0,C16+BF16,C16)) | BJ16: 0 | BK16: 0 | BL16: 13
A17: 12100004620-232L/XL | B17: High Coast Wind Cap | E17: 0 | F17: 0 | G17: 0 | H17: 0 | I17: 0 | J17: 0 | K17: 0 | L17: 0 | M17: 0 | N17: 0 | O17: 0 | P17: 0 | Q17: 0 | Y17: 2 | AR17: =E17-AE17 | AS17: =F17-AF17 | AT17: =G17-AG17 | AU17: =H17-AH17 | AV17: =I17-AI17 | AW17: =J17-AJ17 | AX17: =K17-AK17 | AY17: =L17-AL17 | ... BD17: =Q17-AQ17 | BE17: =SUMIF(AR17:BD17,"<0",AR17:BD17) | BF17: =IF(BE17<0,D17+BE17,D17) | BG17: =IF(IF(BF17<0,C17+BF17,C17)=0,"",IF(BF17<0,C17+BF17,C17)) | BJ17: 0 | BK17: 0 | BL17: 14
A18: 12100004620-232S/M | B18: High Coast Wind Cap | E18: 0 | F18: 0 | G18: 0 | H18: 0 | I18: 0 | J18: 0 | K18: 0 | L18: 0 | M18: 0 | N18: 0 | O18: 0 | P18: 0 | Q18: 0 | Y18: 1 | AR18: =E18-AE18 | AS18: =F18-AF18 | AT18: =G18-AG18 | AU18: =H18-AH18 | AV18: =I18-AI18 | AW18: =J18-AJ18 | AX18: =K18-AK18 | AY18: =L18-AL18 | ... BD18: =Q18-AQ18 | BE18: =SUMIF(AR18:BD18,"<0",AR18:BD18) | BF18: =IF(BE18<0,D18+BE18,D18) | BG18: =IF(IF(BF18<0,C18+BF18,C18)=0,"",IF(BF18<0,C18+BF18,C18)) | BJ18: 0 | BK18: 0 | BL18: 15
A19: 12100004620L/XL | B19: High Coast Wind Cap | E19: 0 | F19: 0 | G19: 0 | H19: 0 | I19: 0 | J19: 0 | K19: 0 | L19: 0 | M19: 0 | N19: 0 | O19: 0 | P19: 0 | Q19: 0 | X19: 1 | AR19: =E19-AE19 | AS19: =F19-AF19 | AT19: =G19-AG19 | AU19: =H19-AH19 | AV19: =I19-AI19 | AW19: =J19-AJ19 | AX19: =K19-AK19 | AY19: =L19-AL19 | ... BD19: =Q19-AQ19 | BE19: =SUMIF(AR19:BD19,"<0",AR19:BD19) | BF19: =IF(BE19<0,D19+BE19,D19) | BG19: =IF(IF(BF19<0,C19+BF19,C19)=0,"",IF(BF19<0,C19+BF19,C19)) | BJ19: 0 | BK19: 0 | BL19: 16
A20: 12100004620S/M | B20: High Coast Wind Cap | E20: 0 | F20: 0 | G20: 0 | H20: 0 | I20: 0 | J20: 0 | K20: 0 | L20: 0 | M20: 0 | N20: 0 | O20: 0 | P20: 0 | Q20: 0 | X20: 1 | AR20: =E20-AE20 | AS20: =F20-AF20 | AT20: =G20-AG20 | AU20: =H20-AH20 | AV20: =I20-AI20 | AW20: =J20-AJ20 | AX20: =K20-AK20 | AY20: =L20-AL20 | ... BD20: =Q20-AQ20 | BE20: =SUMIF(AR20:BD20,"<0",AR20:BD20) | BF20: =IF(BE20<0,D20+BE20,D20) | BG20: =IF(IF(BF20<0,C20+BF20,C20)=0,"",IF(BF20<0,C20+BF20,C20)) | BJ20: 0 | BK20: 0 | BL20: 17
A21: 12100006299X | B21: Fjallraven Heavy Beanie | E21: 0 | F21: 0 | G21: 0 | H21: 0 | I21: 0 | J21: 0 | K21: 0 | L21: 0 | M21: 0 | N21: 0 | O21: 0 | P21: 0 | Q21: 0 | U21: 1 | AR21: =E21-AE21 | AS21: =F21-AF21 | AT21: =G21-AG21 | AU21: =H21-AH21 | AV21: =I21-AI21 | AW21: =J21-AJ21 | AX21: =K21-AK21 | AY21: =L21-AL21 | ... BD21: =Q21-AQ21 | BE21: =SUMIF(AR21:BD21,"<0",AR21:BD21) | BF21: =IF(BE21<0,D21+BE21,D21) | BG21: =IF(IF(BF21<0,C21+BF21,C21)=0,"",IF(BF21<0,C21+BF21,C21)) | BJ21: 0 | BK21: 0 | BL21: 18
A22: 12100006514X | B22: Fjallraven Heavy Beanie | C22: 1 | E22: 0 | F22: 0 | G22: 0 | H22: 0 | I22: 0 | J22: 0 | K22: 0 | L22: 0 | M22: 0 | N22: 0 | O22: 0 | P22: 0 | Q22: 0 | U22: 1 | AR22: =E22-AE22 | AS22: =F22-AF22 | AT22: =G22-AG22 | AU22: =H22-AH22 | AV22: =I22-AI22 | AW22: =J22-AJ22 | AX22: =K22-AK22 | AY22: =L22-AL22 | ... BD22: =Q22-AQ22 | BE22: =SUMIF(AR22:BD22,"<0",AR22:BD22) | BF22: =IF(BE22<0,D22+BE22,D22) | BG22: =IF(IF(BF22<0,C22+BF22,C22)=0,"",IF(BF22<0,C22+BF22,C22)) | BJ22: 0 | BK22: 0 | BL22: 19
A23: 1220016455044/S | B23: Abisko Hybrid Trail Trs M | E23: 0 | F23: 0 | G23: 0 | H23: 0 | I23: 0 | J23: 0 | K23: 0 | L23: 0 | M23: 0 | N23: 0 | O23: 0 | P23: 0 | Q23: 0 | U23: 1 | AR23: =E23-AE23 | AS23: =F23-AF23 | AT23: =G23-AG23 | AU23: =H23-AH23 | AV23: =I23-AI23 | AW23: =J23-AJ23 | AX23: =K23-AK23 | AY23: =L23-AL23 | ... BD23: =Q23-AQ23 | BE23: =SUMIF(AR23:BD23,"<0",AR23:BD23) | BF23: =IF(BE23<0,D23+BE23,D23) | BG23: =IF(IF(BF23<0,C23+BF23,C23)=0,"",IF(BF23<0,C23+BF23,C23)) | BJ23: 0 | BK23: 0 | BL23: 20
A24: 12200190550L | B24: Bergtagen GTX Pro Trousers M | E24: 0 | F24: 0 | G24: 0 | H24: 0 | I24: 0 | J24: 0 | K24: 0 | L24: 0 | M24: 0 | N24: 0 | O24: 0 | P24: 0 | Q24: 0 | X24: 1 | AR24: =E24-AE24 | AS24: =F24-AF24 | AT24: =G24-AG24 | AU24: =H24-AH24 | AV24: =I24-AI24 | AW24: =J24-AJ24 | AX24: =K24-AK24 | AY24: =L24-AL24 | ... BD24: =Q24-AQ24 | BE24: =SUMIF(AR24:BD24,"<0",AR24:BD24) | BF24: =IF(BE24<0,D24+BE24,D24) | BG24: =IF(IF(BF24<0,C24+BF24,C24)=0,"",IF(BF24<0,C24+BF24,C24)) | BJ24: 0 | BK24: 0 | BL24: 21
A25: 12200190550M | B25: Bergtagen GTX Pro Trousers M | C25: 4 | E25: 0 | F25: 0 | G25: 0 | H25: 0 | I25: 0 | J25: 0 | K25: 0 | L25: 0 | M25: 0 | N25: 0 | O25: 0 | P25: 0 | Q25: 0 | U25: 1 | V25: 1 | X25: 1 | AR25: =E25-AE25 | AS25: =F25-AF25 | AT25: =G25-AG25 | AU25: =H25-AH25 | AV25: =I25-AI25 | AW25: =J25-AJ25 | AX25: =K25-AK25 | AY25: =L25-AL25 | ... BD25: =Q25-AQ25 | BE25: =SUMIF(AR25:BD25,"<0",AR25:BD25) | BF25: =IF(BE25<0,D25+BE25,D25) | BG25: =IF(IF(BF25<0,C25+BF25,C25)=0,"",IF(BF25<0,C25+BF25,C25)) | BJ25: 0 | BK25: 0 | BL25: 22
A26: 12200190550S | B26: Bergtagen GTX Pro Trousers M | C26: 1 | E26: 0 | F26: 0 | G26: 0 | H26: 0 | I26: 0 | J26: 0 | K26: 0 | L26: 0 | M26: 0 | N26: 0 | O26: 0 | P26: 0 | Q26: 0 | U26: 1 | V26: 1 | X26: 1 | AR26: =E26-AE26 | AS26: =F26-AF26 | AT26: =G26-AG26 | AU26: =H26-AH26 | AV26: =I26-AI26 | AW26: =J26-AJ26 | AX26: =K26-AK26 | AY26: =L26-AL26 | ... BD26: =Q26-AQ26 | BE26: =SUMIF(AR26:BD26,"<0",AR26:BD26) | BF26: =IF(BE26<0,D26+BE26,D26) | BG26: =IF(IF(BF26<0,C26+BF26,C26)=0,"",IF(BF26<0,C26+BF26,C26)) | BJ26: 0 | BK26: 0 | BL26: 23
A27: 12200190550XL | B27: Bergtagen GTX Pro Trousers M | E27: 0 | F27: 0 | G27: 0 | H27: 0 | I27: 0 | J27: 0 | K27: 0 | L27: 0 | M27: 0 | N27: 0 | O27: 0 | P27: 0 | Q27: 0 | U27: 1 | AR27: =E27-AE27 | AS27: =F27-AF27 | AT27: =G27-AG27 | AU27: =H27-AH27 | AV27: =I27-AI27 | AW27: =J27-AJ27 | AX27: =K27-AK27 | AY27: =L27-AL27 | ... BD27: =Q27-AQ27 | BE27: =SUMIF(AR27:BD27,"<0",AR27:BD27) | BF27: =IF(BE27<0,D27+BE27,D27) | BG27: =IF(IF(BF27<0,C27+BF27,C27)=0,"",IF(BF27<0,C27+BF27,C27)) | BJ27: 0 | BK27: 0 | BL27: 24
A28: 12200190550XS | B28: Bergtagen GTX Pro Trousers M | E28: 0 | F28: 0 | G28: 0 | H28: 0 | I28: 0 | J28: 0 | K28: 0 | L28: 0 | M28: 0 | N28: 0 | O28: 0 | P28: 0 | Q28: 0 | U28: 1 | X28: 1 | AR28: =E28-AE28 | AS28: =F28-AF28 | AT28: =G28-AG28 | AU28: =H28-AH28 | AV28: =I28-AI28 | AW28: =J28-AJ28 | AX28: =K28-AK28 | AY28: =L28-AL28 | ... BD28: =Q28-AQ28 | BE28: =SUMIF(AR28:BD28,"<0",AR28:BD28) | BF28: =IF(BE28<0,D28+BE28,D28) | BG28: =IF(IF(BF28<0,C28+BF28,C28)=0,"",IF(BF28<0,C28+BF28,C28)) | BJ28: 0 | BK28: 0 | BL28: 25
A29: 1220019755044 | B29: Hoja Hybrid Trousers M | D29: 5 | E29: 0 | F29: 0 | G29: 0 | H29: 0 | I29: 0 | J29: 0 | K29: 0 | L29: 0 | M29: 0 | N29: 0 | O29: 0 | P29: 0 | Q29: 0 | S29: 1 | U29: 1 | V29: 1 | W29: 1 | Y29: 1 | AA29: 1 | AC29: 1 | AR29: =E29-AE29 | AS29: =F29-AF29 | AT29: =G29-AG29 | AU29: =H29-AH29 | AV29: =I29-AI29 | AW29: =J29-AJ29 | AX29: =K29-AK29 | AY29: =L29-AL29 | ... BD29: =Q29-AQ29 | BE29: =SUMIF(AR29:BD29,"<0",AR29:BD29) | BF29: =IF(BE29<0,D29+BE29,D29) | BG29: =IF(IF(BF29<0,C29+BF29,C29)=0,"",IF(BF29<0,C29+BF29,C29)) | BJ29: 0 | BK29: 0 | BL29: 26
A30: 1220019755046 | B30: Hoja Hybrid Trousers M | C30: 1 | D30: 10 | E30: 0 | F30: 0 | G30: 0 | H30: 0 | I30: 0 | J30: 0 | K30: 0 | L30: 0 | M30: 0 | N30: 0 | O30: 0 | P30: 0 | Q30: 0 | S30: 1 | U30: 2 | V30: 1 | W30: 1 | X30: 1 | Y30: 1 | AA30: 1 | AC30: 1 | AR30: =E30-AE30 | AS30: =F30-AF30 | AT30: =G30-AG30 | AU30: =H30-AH30 | AV30: =I30-AI30 | AW30: =J30-AJ30 | AX30: =K30-AK30 | AY30: =L30-AL30 | ... BD30: =Q30-AQ30 | BE30: =SUMIF(AR30:BD30,"<0",AR30:BD30) | BF30: =IF(BE30<0,D30+BE30,D30) | BG30: =IF(IF(BF30<0,C30+BF30,C30)=0,"",IF(BF30<0,C30+BF30,C30)) | BJ30: 0 | BK30: 0 | BL30: 27
A31: 1220019755048 | B31: Hoja Hybrid Trousers M | D31: 7 | E31: 0 | F31: 0 | G31: 0 | H31: 0 | I31: 0 | J31: 0 | K31: 0 | L31: 0 | M31: 0 | N31: 0 | O31: 0 | P31: 0 | Q31: 0 | S31: 1 | U31: 1 | W31: 1 | X31: 1 | Y31: 1 | AA31: 1 | AC31: 1 | AI31: 1 | AR31: =E31-AE31 | AS31: =F31-AF31 | AT31: =G31-AG31 | AU31: =H31-AH31 | AV31: =I31-AI31 | AW31: =J31-AJ31 | AX31: =K31-AK31 | AY31: =L31-AL31 | ... BD31: =Q31-AQ31 | BE31: =SUMIF(AR31:BD31,"<0",AR31:BD31) | BF31: =IF(BE31<0,D31+BE31,D31) | BG31: =IF(IF(BF31<0,C31+BF31,C31)=0,"",IF(BF31<0,C31+BF31,C31)) | BJ31: 0 | BK31: 0 | BL31: 28
A32: 1220019755050 | B32: Hoja Hybrid Trousers M | D32: 3 | E32: 0 | F32: 0 | G32: 0 | H32: 0 | I32: 0 | J32: 0 | K32: 0 | L32: 0 | M32: 0 | N32: 0 | O32: 0 | P32: 0 | Q32: 0 | S32: 1 | U32: 1 | V32: 1 | W32: 1 | X32: 1 | Y32: 1 | AA32: 1 | AC32: 1 | AR32: =E32-AE32 | AS32: =F32-AF32 | AT32: =G32-AG32 | AU32: =H32-AH32 | AV32: =I32-AI32 | AW32: =J32-AJ32 | AX32: =K32-AK32 | AY32: =L32-AL32 | ... BD32: =Q32-AQ32 | BE32: =SUMIF(AR32:BD32,"<0",AR32:BD32) | BF32: =IF(BE32<0,D32+BE32,D32) | BG32: =IF(IF(BF32<0,C32+BF32,C32)=0,"",IF(BF32<0,C32+BF32,C32)) | BJ32: 0 | BK32: 0 | BL32: 29
A33: 1220019755052 | B33: Hoja Hybrid Trousers M | E33: 0 | F33: 0 | G33: 0 | H33: 0 | I33: 0 | J33: 0 | K33: 0 | L33: 0 | M33: 0 | N33: 0 | O33: 0 | P33: 0 | Q33: 0 | U33: 1 | V33: 1 | AR33: =E33-AE33 | AS33: =F33-AF33 | AT33: =G33-AG33 | AU33: =H33-AH33 | AV33: =I33-AI33 | AW33: =J33-AJ33 | AX33: =K33-AK33 | AY33: =L33-AL33 | ... BD33: =Q33-AQ33 | BE33: =SUMIF(AR33:BD33,"<0",AR33:BD33) | BF33: =IF(BE33<0,D33+BE33,D33) | BG33: =IF(IF(BF33<0,C33+BF33,C33)=0,"",IF(BF33<0,C33+BF33,C33)) | BJ33: 0 | BK33: 0 | BL33: 30
A34: 1220020755046 | B34: High Coast Pack Shorts M | C34: 1 | E34: 0 | F34: 0 | G34: 0 | H34: 0 | I34: 0 | J34: 0 | K34: 0 | L34: 0 | M34: 0 | N34: 0 | O34: 0 | P34: 0 | Q34: 0 | S34: 1 | U34: 1 | V34: 1 | W34: 1 | Y34: 1 | AA34: 1 | AB34: 1 | AC34: 1 | AR34: =E34-AE34 | AS34: =F34-AF34 | AT34: =G34-AG34 | AU34: =H34-AH34 | AV34: =I34-AI34 | AW34: =J34-AJ34 | AX34: =K34-AK34 | AY34: =L34-AL34 | ... BD34: =Q34-AQ34 | BE34: =SUMIF(AR34:BD34,"<0",AR34:BD34) | BF34: =IF(BE34<0,D34+BE34,D34) | BG34: =IF(IF(BF34<0,C34+BF34,C34)=0,"",IF(BF34<0,C34+BF34,C34)) | BJ34: 0 | BK34: 0 | BL34: 31
A35: 1220020755048 | B35: High Coast Pack Shorts M | C35: 1 | E35: 0 | F35: 0 | G35: 0 | H35: 0 | I35: 0 | J35: 0 | K35: 0 | L35: 0 | M35: 0 | N35: 0 | O35: 0 | P35: 0 | Q35: 0 | S35: 1 | U35: 1 | V35: 1 | W35: 1 | X35: 1 | Y35: 1 | AA35: 1 | AB35: 1 | AC35: 1 | AR35: =E35-AE35 | AS35: =F35-AF35 | AT35: =G35-AG35 | AU35: =H35-AH35 | AV35: =I35-AI35 | AW35: =J35-AJ35 | AX35: =K35-AK35 | AY35: =L35-AL35 | ... BD35: =Q35-AQ35 | BE35: =SUMIF(AR35:BD35,"<0",AR35:BD35) | BF35: =IF(BE35<0,D35+BE35,D35) | BG35: =IF(IF(BF35<0,C35+BF35,C35)=0,"",IF(BF35<0,C35+BF35,C35)) | BJ35: 0 | BK35: 0 | BL35: 32
A36: 1220020755050 | B36: High Coast Pack Shorts M | E36: 0 | F36: 0 | G36: 0 | H36: 0 | I36: 0 | J36: 0 | K36: 0 | L36: 0 | M36: 0 | N36: 0 | O36: 0 | P36: 0 | Q36: 0 | S36: 1 | U36: 1 | V36: 1 | W36: 1 | X36: 1 | Y36: 1 | AA36: 1 | AB36: 1 | AC36: 1 | AR36: =E36-AE36 | AS36: =F36-AF36 | AT36: =G36-AG36 | AU36: =H36-AH36 | AV36: =I36-AI36 | AW36: =J36-AJ36 | AX36: =K36-AK36 | AY36: =L36-AL36 | ... BD36: =Q36-AQ36 | BE36: =SUMIF(AR36:BD36,"<0",AR36:BD36) | BF36: =IF(BE36<0,D36+BE36,D36) | BG36: =IF(IF(BF36<0,C36+BF36,C36)=0,"",IF(BF36<0,C36+BF36,C36)) | BJ36: 0 | BK36: 0 | BL36: 33
A37: 1220020755052 | B37: High Coast Pack Shorts M | E37: 0 | F37: 0 | G37: 0 | H37: 0 | I37: 0 | J37: 0 | K37: 0 | L37: 0 | M37: 0 | N37: 0 | O37: 0 | P37: 0 | Q37: 0 | S37: 1 | U37: 1 | W37: 1 | AR37: =E37-AE37 | AS37: =F37-AF37 | AT37: =G37-AG37 | AU37: =H37-AH37 | AV37: =I37-AI37 | AW37: =J37-AJ37 | AX37: =K37-AK37 | AY37: =L37-AL37 | ... BD37: =Q37-AQ37 | BE37: =SUMIF(AR37:BD37,"<0",AR37:BD37) | BF37: =IF(BE37<0,D37+BE37,D37) | BG37: =IF(IF(BF37<0,C37+BF37,C37)=0,"",IF(BF37<0,C37+BF37,C37)) | BJ37: 0 | BK37: 0 | BL37: 34
A38: 1220020762546 | B38: High Coast Pack Shorts M | C38: 4 | E38: 0 | F38: 0 | G38: 0 | H38: 0 | I38: 0 | J38: 0 | K38: 0 | L38: 0 | M38: 0 | N38: 0 | O38: 0 | P38: 0 | Q38: 0 | S38: 1 | U38: 1 | V38: 1 | W38: 1 | X38: 1 | Y38: 1 | AA38: 1 | AB38: 1 | AC38: 1 | AR38: =E38-AE38 | AS38: =F38-AF38 | AT38: =G38-AG38 | AU38: =H38-AH38 | AV38: =I38-AI38 | AW38: =J38-AJ38 | AX38: =K38-AK38 | AY38: =L38-AL38 | ... BD38: =Q38-AQ38 | BE38: =SUMIF(AR38:BD38,"<0",AR38:BD38) | BF38: =IF(BE38<0,D38+BE38,D38) | BG38: =IF(IF(BF38<0,C38+BF38,C38)=0,"",IF(BF38<0,C38+BF38,C38)) | BJ38: 0 | BK38: 0 | BL38: 35
A39: 1220020762548 | B39: High Coast Pack Shorts M | E39: 0 | F39: 0 | G39: 0 | H39: 0 | I39: 0 | J39: 0 | K39: 0 | L39: 0 | M39: 0 | N39: 0 | O39: 0 | P39: 0 | Q39: 0 | S39: 1 | U39: 1 | V39: 1 | X39: 1 | Y39: 1 | AA39: 1 | AB39: 1 | AC39: 1 | AR39: =E39-AE39 | AS39: =F39-AF39 | AT39: =G39-AG39 | AU39: =H39-AH39 | AV39: =I39-AI39 | AW39: =J39-AJ39 | AX39: =K39-AK39 | AY39: =L39-AL39 | ... BD39: =Q39-AQ39 | BE39: =SUMIF(AR39:BD39,"<0",AR39:BD39) | BF39: =IF(BE39<0,D39+BE39,D39) | BG39: =IF(IF(BF39<0,C39+BF39,C39)=0,"",IF(BF39<0,C39+BF39,C39)) | BJ39: 0 | BK39: 0 | BL39: 36
A40: 1220020762550 | B40: High Coast Pack Shorts M | C40: 2 | E40: 0 | F40: 0 | G40: 0 | H40: 0 | I40: 0 | J40: 0 | K40: 0 | L40: 0 | M40: 0 | N40: 0 | O40: 0 | P40: 0 | Q40: 0 | S40: 1 | U40: 1 | W40: 1 | X40: 1 | Y40: 1 | AA40: 1 | AB40: 1 | AC40: 1 | AI40: 1 | AR40: =E40-AE40 | AS40: =F40-AF40 | AT40: =G40-AG40 | AU40: =H40-AH40 | AV40: =I40-AI40 | AW40: =J40-AJ40 | AX40: =K40-AK40 | AY40: =L40-AL40 | ... BD40: =Q40-AQ40 | BE40: =SUMIF(AR40:BD40,"<0",AR40:BD40) | BF40: =IF(BE40<0,D40+BE40,D40) | BG40: =IF(IF(BF40<0,C40+BF40,C40)=0,"",IF(BF40<0,C40+BF40,C40)) | BJ40: 0 | BK40: 0 | BL40: 37
A41: 12200218550L | B41: Keb GTX Trousers M | E41: 0 | F41: 0 | G41: 0 | H41: 0 | I41: 0 | J41: 0 | K41: 0 | L41: 0 | M41: 0 | N41: 0 | O41: 0 | P41: 0 | Q41: 0 | S41: 1 | V41: 1 | AB41: 1 | AR41: =E41-AE41 | AS41: =F41-AF41 | AT41: =G41-AG41 | AU41: =H41-AH41 | AV41: =I41-AI41 | AW41: =J41-AJ41 | AX41: =K41-AK41 | AY41: =L41-AL41 | ... BD41: =Q41-AQ41 | BE41: =SUMIF(AR41:BD41,"<0",AR41:BD41) | BF41: =IF(BE41<0,D41+BE41,D41) | BG41: =IF(IF(BF41<0,C41+BF41,C41)=0,"",IF(BF41<0,C41+BF41,C41)) | BJ41: 0 | BK41: 0 | BL41: 38
A42: 12200218550M | B42: Keb GTX Trousers M | E42: 0 | F42: 0 | G42: 0 | H42: 0 | I42: 0 | J42: 0 | K42: 0 | L42: 0 | M42: 0 | N42: 0 | O42: 0 | P42: 0 | Q42: 0 | S42: 1 | U42: 1 | X42: 1 | Y42: 1 | AB42: 1 | AC42: 1 | AR42: =E42-AE42 | AS42: =F42-AF42 | AT42: =G42-AG42 | AU42: =H42-AH42 | AV42: =I42-AI42 | AW42: =J42-AJ42 | AX42: =K42-AK42 | AY42: =L42-AL42 | ... BD42: =Q42-AQ42 | BE42: =SUMIF(AR42:BD42,"<0",AR42:BD42) | BF42: =IF(BE42<0,D42+BE42,D42) | BG42: =IF(IF(BF42<0,C42+BF42,C42)=0,"",IF(BF42<0,C42+BF42,C42)) | BJ42: 0 | BK42: 0 | BL42: 39
A43: 12200218550S | B43: Keb GTX Trousers M | E43: 0 | F43: 0 | G43: 0 | H43: 0 | I43: 0 | J43: 0 | K43: 0 | L43: 0 | M43: 0 | N43: 0 | O43: 0 | P43: 0 | Q43: 0 | S43: 1 | W43: 1 | Y43: 1 | AA43: 1 | AR43: =E43-AE43 | AS43: =F43-AF43 | AT43: =G43-AG43 | AU43: =H43-AH43 | AV43: =I43-AI43 | AW43: =J43-AJ43 | AX43: =K43-AK43 | AY43: =L43-AL43 | ... BD43: =Q43-AQ43 | BE43: =SUMIF(AR43:BD43,"<0",AR43:BD43) | BF43: =IF(BE43<0,D43+BE43,D43) | BG43: =IF(IF(BF43<0,C43+BF43,C43)=0,"",IF(BF43<0,C43+BF43,C43)) | BJ43: 0 | BK43: 0 | BL43: 40
A44: 12200218550XS | B44: Keb GTX Trousers M | E44: 0 | F44: 0 | G44: 0 | H44: 0 | I44: 0 | J44: 0 | K44: 0 | L44: 0 | M44: 0 | N44: 0 | O44: 0 | P44: 0 | Q44: 0 | S44: 1 | U44: 1 | V44: 1 | W44: 1 | X44: 1 | AR44: =E44-AE44 | AS44: =F44-AF44 | AT44: =G44-AG44 | AU44: =H44-AH44 | AV44: =I44-AI44 | AW44: =J44-AJ44 | AX44: =K44-AK44 | AY44: =L44-AL44 | ... BD44: =Q44-AQ44 | BE44: =SUMIF(AR44:BD44,"<0",AR44:BD44) | BF44: =IF(BE44<0,D44+BE44,D44) | BG44: =IF(IF(BF44<0,C44+BF44,C44)=0,"",IF(BF44<0,C44+BF44,C44)) | BJ44: 0 | BK44: 0 | BL44: 41
A45: 12200219537M | B45: Vardag Summer Shorts M | E45: 0 | F45: 0 | G45: 0 | H45: 0 | I45: 0 | J45: 0 | K45: 0 | L45: 0 | M45: 0 | N45: 0 | O45: 0 | P45: 0 | Q45: 0 | U45: 1 | V45: 1 | AR45: =E45-AE45 | AS45: =F45-AF45 | AT45: =G45-AG45 | AU45: =H45-AH45 | AV45: =I45-AI45 | AW45: =J45-AJ45 | AX45: =K45-AK45 | AY45: =L45-AL45 | ... BD45: =Q45-AQ45 | BE45: =SUMIF(AR45:BD45,"<0",AR45:BD45) | BF45: =IF(BE45<0,D45+BE45,D45) | BG45: =IF(IF(BF45<0,C45+BF45,C45)=0,"",IF(BF45<0,C45+BF45,C45)) | BJ45: 0 | BK45: 0 | BL45: 42
A46: 12200219537S | B46: Vardag Summer Shorts M | C46: 2 | E46: 0 | F46: 0 | G46: 0 | H46: 0 | I46: 0 | J46: 0 | K46: 0 | L46: 0 | M46: 0 | N46: 0 | O46: 0 | P46: 0 | Q46: 0 | S46: 1 | U46: 1 | V46: 1 | W46: 1 | AB46: 1 | AR46: =E46-AE46 | AS46: =F46-AF46 | AT46: =G46-AG46 | AU46: =H46-AH46 | AV46: =I46-AI46 | AW46: =J46-AJ46 | AX46: =K46-AK46 | AY46: =L46-AL46 | ... BD46: =Q46-AQ46 | BE46: =SUMIF(AR46:BD46,"<0",AR46:BD46) | BF46: =IF(BE46<0,D46+BE46,D46) | BG46: =IF(IF(BF46<0,C46+BF46,C46)=0,"",IF(BF46<0,C46+BF46,C46)) | BJ46: 0 | BK46: 0 | BL46: 43
A47: 12200219550L | B47: Vardag Summer Shorts M | E47: 0 | F47: 0 | G47: 0 | H47: 0 | I47: 0 | J47: 0 | K47: 0 | L47: 0 | M47: 0 | N47: 0 | O47: 0 | P47: 0 | Q47: 0 | S47: 1 | U47: 1 | V47: 1 | W47: 1 | AR47: =E47-AE47 | AS47: =F47-AF47 | AT47: =G47-AG47 | AU47: =H47-AH47 | AV47: =I47-AI47 | AW47: =J47-AJ47 | AX47: =K47-AK47 | AY47: =L47-AL47 | ... BD47: =Q47-AQ47 | BE47: =SUMIF(AR47:BD47,"<0",AR47:BD47) | BF47: =IF(BE47<0,D47+BE47,D47) | BG47: =IF(IF(BF47<0,C47+BF47,C47)=0,"",IF(BF47<0,C47+BF47,C47)) | BJ47: 0 | BK47: 0 | BL47: 44
A48: 12200219550M | B48: Vardag Summer Shorts M | C48: 5 | E48: 0 | F48: 0 | G48: 0 | H48: 0 | I48: 0 | J48: 0 | K48: 0 | L48: 0 | M48: 0 | N48: 0 | O48: 0 | P48: 0 | Q48: 0 | S48: 1 | V48: 1 | W48: 1 | AB48: 1 | AC48: 1 | AR48: =E48-AE48 | AS48: =F48-AF48 | AT48: =G48-AG48 | AU48: =H48-AH48 | AV48: =I48-AI48 | AW48: =J48-AJ48 | AX48: =K48-AK48 | AY48: =L48-AL48 | ... BD48: =Q48-AQ48 | BE48: =SUMIF(AR48:BD48,"<0",AR48:BD48) | BF48: =IF(BE48<0,D48+BE48,D48) | BG48: =IF(IF(BF48<0,C48+BF48,C48)=0,"",IF(BF48<0,C48+BF48,C48)) | BJ48: 0 | BK48: 0 | BL48: 45
A49: 12200219550S | B49: Vardag Summer Shorts M | E49: 0 | F49: 0 | G49: 0 | H49: 0 | I49: 0 | J49: 0 | K49: 0 | L49: 0 | M49: 0 | N49: 0 | O49: 0 | P49: 0 | Q49: 0 | S49: 1 | U49: 1 | V49: 1 | W49: 1 | AB49: 2 | AC49: 1 | AR49: =E49-AE49 | AS49: =F49-AF49 | AT49: =G49-AG49 | AU49: =H49-AH49 | AV49: =I49-AI49 | AW49: =J49-AJ49 | AX49: =K49-AK49 | AY49: =L49-AL49 | ... BD49: =Q49-AQ49 | BE49: =SUMIF(AR49:BD49,"<0",AR49:BD49) | BF49: =IF(BE49<0,D49+BE49,D49) | BG49: =IF(IF(BF49<0,C49+BF49,C49)=0,"",IF(BF49<0,C49+BF49,C49)) | BJ49: 0 | BK49: 0 | BL49: 46
A50: 12200219625L | B50: Vardag Summer Shorts M | E50: 0 | F50: 0 | G50: 0 | H50: 0 | I50: 0 | J50: 0 | K50: 0 | L50: 0 | M50: 0 | N50: 0 | O50: 0 | P50: 0 | Q50: 0 | U50: 1 | AR50: =E50-AE50 | AS50: =F50-AF50 | AT50: =G50-AG50 | AU50: =H50-AH50 | AV50: =I50-AI50 | AW50: =J50-AJ50 | AX50: =K50-AK50 | AY50: =L50-AL50 | ... BD50: =Q50-AQ50 | BE50: =SUMIF(AR50:BD50,"<0",AR50:BD50) | BF50: =IF(BE50<0,D50+BE50,D50) | BG50: =IF(IF(BF50<0,C50+BF50,C50)=0,"",IF(BF50<0,C50+BF50,C50)) | BJ50: 0 | BK50: 0 | BL50: 47
A51: 12200219625M | B51: Vardag Summer Shorts M | E51: 0 | F51: 0 | G51: 0 | H51: 0 | I51: 0 | J51: 0 | K51: 0 | L51: 0 | M51: 0 | N51: 0 | O51: 0 | P51: 0 | Q51: 0 | S51: 1 | AB51: 1 | AC51: 1 | AR51: =E51-AE51 | AS51: =F51-AF51 | AT51: =G51-AG51 | AU51: =H51-AH51 | AV51: =I51-AI51 | AW51: =J51-AJ51 | AX51: =K51-AK51 | AY51: =L51-AL51 | ... BD51: =Q51-AQ51 | BE51: =SUMIF(AR51:BD51,"<0",AR51:BD51) | BF51: =IF(BE51<0,D51+BE51,D51) | BG51: =IF(IF(BF51<0,C51+BF51,C51)=0,"",IF(BF51<0,C51+BF51,C51)) | BJ51: 0 | BK51: 0 | BL51: 48
A52: 12200219625S | B52: Vardag Summer Shorts M | C52: 1 | E52: 0 | F52: 0 | G52: 0 | H52: 0 | I52: 0 | J52: 0 | K52: 0 | L52: 0 | M52: 0 | N52: 0 | O52: 0 | P52: 0 | Q52: 0 | S52: 1 | U52: 1 | V52: 1 | W52: 1 | AB52: 1 | AC52: 1 | AR52: =E52-AE52 | AS52: =F52-AF52 | AT52: =G52-AG52 | AU52: =H52-AH52 | AV52: =I52-AI52 | AW52: =J52-AJ52 | AX52: =K52-AK52 | AY52: =L52-AL52 | ... BD52: =Q52-AQ52 | BE52: =SUMIF(AR52:BD52,"<0",AR52:BD52) | BF52: =IF(BE52<0,D52+BE52,D52) | BG52: =IF(IF(BF52<0,C52+BF52,C52)=0,"",IF(BF52<0,C52+BF52,C52)) | BJ52: 0 | BK52: 0 | BL52: 49
A53: 1220022955546 | B53: Vardag Relaxed Trousers M | E53: 0 | F53: 0 | G53: 0 | H53: 0 | I53: 0 | J53: 0 | K53: 0 | L53: 0 | M53: 0 | N53: 0 | O53: 0 | P53: 0 | Q53: 0 | S53: 1 | U53: 1 | V53: 1 | W53: 1 | AA53: 1 | AB53: 1 | AC53: 1 | AR53: =E53-AE53 | AS53: =F53-AF53 | AT53: =G53-AG53 | AU53: =H53-AH53 | AV53: =I53-AI53 | AW53: =J53-AJ53 | AX53: =K53-AK53 | AY53: =L53-AL53 | ... BD53: =Q53-AQ53 | BE53: =SUMIF(AR53:BD53,"<0",AR53:BD53) | BF53: =IF(BE53<0,D53+BE53,D53) | BG53: =IF(IF(BF53<0,C53+BF53,C53)=0,"",IF(BF53<0,C53+BF53,C53)) | BJ53: 0 | BK53: 0 | BL53: 50
A54: 1220022955548 | B54: Vardag Relaxed Trousers M | E54: 0 | F54: 0 | G54: 0 | H54: 0 | I54: 0 | J54: 0 | K54: 0 | L54: 0 | M54: 0 | N54: 0 | O54: 0 | P54: 0 | Q54: 0 | U54: 1 | V54: 1 | W54: 1 | AA54: 1 | AB54: 1 | AC54: 1 | AR54: =E54-AE54 | AS54: =F54-AF54 | AT54: =G54-AG54 | AU54: =H54-AH54 | AV54: =I54-AI54 | AW54: =J54-AJ54 | AX54: =K54-AK54 | AY54: =L54-AL54 | ... BD54: =Q54-AQ54 | BE54: =SUMIF(AR54:BD54,"<0",AR54:BD54) | BF54: =IF(BE54<0,D54+BE54,D54) | BG54: =IF(IF(BF54<0,C54+BF54,C54)=0,"",IF(BF54<0,C54+BF54,C54)) | BJ54: 0 | BK54: 0 | BL54: 51
A55: 1220022955550 | B55: Vardag Relaxed Trousers M | E55: 0 | F55: 0 | G55: 0 | H55: 0 | I55: 0 | J55: 0 | K55: 0 | L55: 0 | M55: 0 | N55: 0 | O55: 0 | P55: 0 | Q55: 0 | S55: 1 | U55: 1 | V55: 1 | W55: 1 | AB55: 1 | AC55: 1 | AR55: =E55-AE55 | AS55: =F55-AF55 | AT55: =G55-AG55 | AU55: =H55-AH55 | AV55: =I55-AI55 | AW55: =J55-AJ55 | AX55: =K55-AK55 | AY55: =L55-AL55 | ... BD55: =Q55-AQ55 | BE55: =SUMIF(AR55:BD55,"<0",AR55:BD55) | BF55: =IF(BE55<0,D55+BE55,D55) | BG55: =IF(IF(BF55<0,C55+BF55,C55)=0,"",IF(BF55<0,C55+BF55,C55)) | BJ55: 0 | BK55: 0 | BL55: 52
A56: 1220022962046 | B56: Vardag Relaxed Trousers M | E56: 0 | F56: 0 | G56: 0 | H56: 0 | I56: 0 | J56: 0 | K56: 0 | L56: 0 | M56: 0 | N56: 0 | O56: 0 | P56: 0 | Q56: 0 | S56: 1 | U56: 2 | V56: 1 | W56: 1 | AA56: 1 | AB56: 1 | AC56: 1 | AR56: =E56-AE56 | AS56: =F56-AF56 | AT56: =G56-AG56 | AU56: =H56-AH56 | AV56: =I56-AI56 | AW56: =J56-AJ56 | AX56: =K56-AK56 | AY56: =L56-AL56 | ... BD56: =Q56-AQ56 | BE56: =SUMIF(AR56:BD56,"<0",AR56:BD56) | BF56: =IF(BE56<0,D56+BE56,D56) | BG56: =IF(IF(BF56<0,C56+BF56,C56)=0,"",IF(BF56<0,C56+BF56,C56)) | BJ56: 0 | BK56: 0 | BL56: 53
A57: 1220022962048 | B57: Vardag Relaxed Trousers M | E57: 0 | F57: 0 | G57: 0 | H57: 0 | I57: 0 | J57: 0 | K57: 0 | L57: 0 | M57: 0 | N57: 0 | O57: 0 | P57: 0 | Q57: 0 | S57: 1 | U57: 2 | V57: 1 | W57: 1 | AA57: 1 | AB57: 1 | AC57: 1 | AR57: =E57-AE57 | AS57: =F57-AF57 | AT57: =G57-AG57 | AU57: =H57-AH57 | AV57: =I57-AI57 | AW57: =J57-AJ57 | AX57: =K57-AK57 | AY57: =L57-AL57 | ... BD57: =Q57-AQ57 | BE57: =SUMIF(AR57:BD57,"<0",AR57:BD57) | BF57: =IF(BE57<0,D57+BE57,D57) | BG57: =IF(IF(BF57<0,C57+BF57,C57)=0,"",IF(BF57<0,C57+BF57,C57)) | BJ57: 0 | BK57: 0 | BL57: 54
A58: 1220022962050 | B58: Vardag Relaxed Trousers M | E58: 0 | F58: 0 | G58: 0 | H58: 0 | I58: 0 | J58: 0 | K58: 0 | L58: 0 | M58: 0 | N58: 0 | O58: 0 | P58: 0 | Q58: 0 | S58: 1 | U58: 1 | V58: 1 | W58: 1 | AB58: 1 | AC58: 1 | AR58: =E58-AE58 | AS58: =F58-AF58 | AT58: =G58-AG58 | AU58: =H58-AH58 | AV58: =I58-AI58 | AW58: =J58-AJ58 | AX58: =K58-AK58 | AY58: =L58-AL58 | ... BD58: =Q58-AQ58 | BE58: =SUMIF(AR58:BD58,"<0",AR58:BD58) | BF58: =IF(BE58<0,D58+BE58,D58) | BG58: =IF(IF(BF58<0,C58+BF58,C58)=0,"",IF(BF58<0,C58+BF58,C58)) | BJ58: 0 | BK58: 0 | BL58: 55
A59: 12500156550L | B59: Bergtagen GTX Pro Jacket M | E59: 0 | F59: 0 | G59: 0 | H59: 0 | I59: 0 | J59: 0 | K59: 0 | L59: 0 | M59: 0 | N59: 0 | O59: 0 | P59: 0 | Q59: 0 | U59: 1 | X59: 1 | AR59: =E59-AE59 | AS59: =F59-AF59 | AT59: =G59-AG59 | AU59: =H59-AH59 | AV59: =I59-AI59 | AW59: =J59-AJ59 | AX59: =K59-AK59 | AY59: =L59-AL59 | ... BD59: =Q59-AQ59 | BE59: =SUMIF(AR59:BD59,"<0",AR59:BD59) | BF59: =IF(BE59<0,D59+BE59,D59) | BG59: =IF(IF(BF59<0,C59+BF59,C59)=0,"",IF(BF59<0,C59+BF59,C59)) | BJ59: 0 | BK59: 0 | BL59: 56
A60: 12500156550M | B60: Bergtagen GTX Pro Jacket M | C60: 2 | E60: 0 | F60: 0 | G60: 0 | H60: 0 | I60: 0 | J60: 0 | K60: 0 | L60: 0 | M60: 0 | N60: 0 | O60: 0 | P60: 0 | Q60: 0 | U60: 1 | V60: 1 | X60: 1 | AR60: =E60-AE60 | AS60: =F60-AF60 | AT60: =G60-AG60 | AU60: =H60-AH60 | AV60: =I60-AI60 | AW60: =J60-AJ60 | AX60: =K60-AK60 | AY60: =L60-AL60 | ... BD60: =Q60-AQ60 | BE60: =SUMIF(AR60:BD60,"<0",AR60:BD60) | BF60: =IF(BE60<0,D60+BE60,D60) | BG60: =IF(IF(BF60<0,C60+BF60,C60)=0,"",IF(BF60<0,C60+BF60,C60)) | BJ60: 0 | BK60: 0 | BL60: 57
A61: 12500156550S | B61: Bergtagen GTX Pro Jacket M | E61: 0 | F61: 0 | G61: 0 | H61: 0 | I61: 0 | J61: 0 | K61: 0 | L61: 0 | M61: 0 | N61: 0 | O61: 0 | P61: 0 | Q61: 0 | U61: 1 | V61: 1 | X61: 1 | AR61: =E61-AE61 | AS61: =F61-AF61 | AT61: =G61-AG61 | AU61: =H61-AH61 | AV61: =I61-AI61 | AW61: =J61-AJ61 | AX61: =K61-AK61 | AY61: =L61-AL61 | ... BD61: =Q61-AQ61 | BE61: =SUMIF(AR61:BD61,"<0",AR61:BD61) | BF61: =IF(BE61<0,D61+BE61,D61) | BG61: =IF(IF(BF61<0,C61+BF61,C61)=0,"",IF(BF61<0,C61+BF61,C61)) | BJ61: 0 | BK61: 0 | BL61: 58
A62: 12500156550XL | B62: Bergtagen GTX Pro Jacket M | E62: 0 | F62: 0 | G62: 0 | H62: 0 | I62: 0 | J62: 0 | K62: 0 | L62: 0 | M62: 0 | N62: 0 | O62: 0 | P62: 0 | Q62: 0 | U62: 1 | AR62: =E62-AE62 | AS62: =F62-AF62 | AT62: =G62-AG62 | AU62: =H62-AH62 | AV62: =I62-AI62 | AW62: =J62-AJ62 | AX62: =K62-AK62 | AY62: =L62-AL62 | ... BD62: =Q62-AQ62 | BE62: =SUMIF(AR62:BD62,"<0",AR62:BD62) | BF62: =IF(BE62<0,D62+BE62,D62) | BG62: =IF(IF(BF62<0,C62+BF62,C62)=0,"",IF(BF62<0,C62+BF62,C62)) | BJ62: 0 | BK62: 0 | BL62: 59
A63: 12500156550XS | B63: Bergtagen GTX Pro Jacket M | E63: 0 | F63: 0 | G63: 0 | H63: 0 | I63: 0 | J63: 0 | K63: 0 | L63: 0 | M63: 0 | N63: 0 | O63: 0 | P63: 0 | Q63: 0 | U63: 1 | AR63: =E63-AE63 | AS63: =F63-AF63 | AT63: =G63-AG63 | AU63: =H63-AH63 | AV63: =I63-AI63 | AW63: =J63-AJ63 | AX63: =K63-AK63 | AY63: =L63-AL63 | ... BD63: =Q63-AQ63 | BE63: =SUMIF(AR63:BD63,"<0",AR63:BD63) | BF63: =IF(BE63<0,D63+BE63,D63) | BG63: =IF(IF(BF63<0,C63+BF63,C63)=0,"",IF(BF63<0,C63+BF63,C63)) | BJ63: 0 | BK63: 0 | BL63: 60
A64: 12500157550L | B64: Expedition X-Latt Hoodie M | C64: 2 | E64: 0 | F64: 0 | G64: 0 | H64: 0 | I64: 0 | J64: 0 | K64: 0 | L64: 0 | M64: 0 | N64: 0 | O64: 0 | P64: 0 | Q64: 0 | U64: 1 | AR64: =E64-AE64 | AS64: =F64-AF64 | AT64: =G64-AG64 | AU64: =H64-AH64 | AV64: =I64-AI64 | AW64: =J64-AJ64 | AX64: =K64-AK64 | AY64: =L64-AL64 | ... BD64: =Q64-AQ64 | BE64: =SUMIF(AR64:BD64,"<0",AR64:BD64) | BF64: =IF(BE64<0,D64+BE64,D64) | BG64: =IF(IF(BF64<0,C64+BF64,C64)=0,"",IF(BF64<0,C64+BF64,C64)) | BJ64: 0 | BK64: 0 | BL64: 61
A65: 12500157550M | B65: Expedition X-Latt Hoodie M | C65: 5 | E65: 0 | F65: 0 | G65: 0 | H65: 0 | I65: 0 | J65: 0 | K65: 0 | L65: 0 | M65: 0 | N65: 0 | O65: 0 | P65: 0 | Q65: 0 | U65: 1 | X65: 1 | Z65: 1 | AR65: =E65-AE65 | AS65: =F65-AF65 | AT65: =G65-AG65 | AU65: =H65-AH65 | AV65: =I65-AI65 | AW65: =J65-AJ65 | AX65: =K65-AK65 | AY65: =L65-AL65 | ... BD65: =Q65-AQ65 | BE65: =SUMIF(AR65:BD65,"<0",AR65:BD65) | BF65: =IF(BE65<0,D65+BE65,D65) | BG65: =IF(IF(BF65<0,C65+BF65,C65)=0,"",IF(BF65<0,C65+BF65,C65)) | BJ65: 0 | BK65: 0 | BL65: 62
A66: 12500157550S | B66: Expedition X-Latt Hoodie M | C66: 9 | E66: 0 | F66: 0 | G66: 0 | H66: 0 | I66: 0 | J66: 0 | K66: 0 | L66: 0 | M66: 0 | N66: 0 | O66: 0 | P66: 0 | Q66: 0 | U66: 2 | X66: 1 | Z66: 1 | AR66: =E66-AE66 | AS66: =F66-AF66 | AT66: =G66-AG66 | AU66: =H66-AH66 | AV66: =I66-AI66 | AW66: =J66-AJ66 | AX66: =K66-AK66 | AY66: =L66-AL66 | ... BD66: =Q66-AQ66 | BE66: =SUMIF(AR66:BD66,"<0",AR66:BD66) | BF66: =IF(BE66<0,D66+BE66,D66) | BG66: =IF(IF(BF66<0,C66+BF66,C66)=0,"",IF(BF66<0,C66+BF66,C66)) | BJ66: 0 | BK66: 0 | BL66: 63
A67: 12500157550XS | B67: Expedition X-Latt Hoodie M | C67: 4 | E67: 0 | F67: 0 | G67: 0 | H67: 0 | I67: 0 | J67: 0 | K67: 0 | L67: 0 | M67: 0 | N67: 0 | O67: 0 | P67: 0 | Q67: 0 | U67: 2 | X67: 1 | AR67: =E67-AE67 | AS67: =F67-AF67 | AT67: =G67-AG67 | AU67: =H67-AH67 | AV67: =I67-AI67 | AW67: =J67-AJ67 | AX67: =K67-AK67 | AY67: =L67-AL67 | ... BD67: =Q67-AQ67 | BE67: =SUMIF(AR67:BD67,"<0",AR67:BD67) | BF67: =IF(BE67<0,D67+BE67,D67) | BG67: =IF(IF(BF67<0,C67+BF67,C67)=0,"",IF(BF67<0,C67+BF67,C67)) | BJ67: 0 | BK67: 0 | BL67: 64
A68: 12500157662L | B68: Expedition X-Latt Hoodie M | C68: 2 | E68: 0 | F68: 0 | G68: 0 | H68: 0 | I68: 0 | J68: 0 | K68: 0 | L68: 0 | M68: 0 | N68: 0 | O68: 0 | P68: 0 | Q68: 0 | U68: 1 | AR68: =E68-AE68 | AS68: =F68-AF68 | AT68: =G68-AG68 | AU68: =H68-AH68 | AV68: =I68-AI68 | AW68: =J68-AJ68 | AX68: =K68-AK68 | AY68: =L68-AL68 | ... BD68: =Q68-AQ68 | BE68: =SUMIF(AR68:BD68,"<0",AR68:BD68) | BF68: =IF(BE68<0,D68+BE68,D68) | BG68: =IF(IF(BF68<0,C68+BF68,C68)=0,"",IF(BF68<0,C68+BF68,C68)) | BJ68: 0 | BK68: 0 | BL68: 65
A69: 12500157662M | B69: Expedition X-Latt Hoodie M | C69: 5 | E69: 0 | F69: 0 | G69: 0 | H69: 0 | I69: 0 | J69: 0 | K69: 0 | L69: 0 | M69: 0 | N69: 0 | O69: 0 | P69: 0 | Q69: 0 | U69: 1 | X69: 1 | Z69: 1 | AR69: =E69-AE69 | AS69: =F69-AF69 | AT69: =G69-AG69 | AU69: =H69-AH69 | AV69: =I69-AI69 | AW69: =J69-AJ69 | AX69: =K69-AK69 | AY69: =L69-AL69 | ... BD69: =Q69-AQ69 | BE69: =SUMIF(AR69:BD69,"<0",AR69:BD69) | BF69: =IF(BE69<0,D69+BE69,D69) | BG69: =IF(IF(BF69<0,C69+BF69,C69)=0,"",IF(BF69<0,C69+BF69,C69)) | BJ69: 0 | BK69: 0 | BL69: 66
A70: 12500157662S | B70: Expedition X-Latt Hoodie M | C70: 8 | E70: 0 | F70: 0 | G70: 0 | H70: 0 | I70: 0 | J70: 0 | K70: 0 | L70: 0 | M70: 0 | N70: 0 | O70: 0 | P70: 0 | Q70: 0 | U70: 2 | X70: 1 | Z70: 1 | AR70: =E70-AE70 | AS70: =F70-AF70 | AT70: =G70-AG70 | AU70: =H70-AH70 | AV70: =I70-AI70 | AW70: =J70-AJ70 | AX70: =K70-AK70 | AY70: =L70-AL70 | ... BD70: =Q70-AQ70 | BE70: =SUMIF(AR70:BD70,"<0",AR70:BD70) | BF70: =IF(BE70<0,D70+BE70,D70) | BG70: =IF(IF(BF70<0,C70+BF70,C70)=0,"",IF(BF70<0,C70+BF70,C70)) | BJ70: 0 | BK70: 0 | BL70: 67
A71: 12500157662XS | B71: Expedition X-Latt Hoodie M | C71: 5 | E71: 0 | F71: 0 | G71: 0 | H71: 0 | I71: 0 | J71: 0 | K71: 0 | L71: 0 | M71: 0 | N71: 0 | O71: 0 | P71: 0 | Q71: 0 | U71: 2 | X71: 1 | AR71: =E71-AE71 | AS71: =F71-AF71 | AT71: =G71-AG71 | AU71: =H71-AH71 | AV71: =I71-AI71 | AW71: =J71-AJ71 | AX71: =K71-AK71 | AY71: =L71-AL71 | ... BD71: =Q71-AQ71 | BE71: =SUMIF(AR71:BD71,"<0",AR71:BD71) | BF71: =IF(BE71<0,D71+BE71,D71) | BG71: =IF(IF(BF71<0,C71+BF71,C71)=0,"",IF(BF71<0,C71+BF71,C71)) | BJ71: 0 | BK71: 0 | BL71: 68
A72: 12500158633L | B72: Barents 3 in 1 Hydratic Jacket M | C72: 1 | E72: 0 | F72: 0 | G72: 0 | H72: 0 | I72: 0 | J72: 0 | K72: 0 | L72: 0 | M72: 0 | N72: 0 | O72: 0 | P72: 0 | Q72: 0 | AR72: =E72-AE72 | AS72: =F72-AF72 | AT72: =G72-AG72 | AU72: =H72-AH72 | AV72: =I72-AI72 | AW72: =J72-AJ72 | AX72: =K72-AK72 | AY72: =L72-AL72 | ... BD72: =Q72-AQ72 | BE72: =SUMIF(AR72:BD72,"<0",AR72:BD72) | BF72: =IF(BE72<0,D72+BE72,D72) | BG72: =IF(IF(BF72<0,C72+BF72,C72)=0,"",IF(BF72<0,C72+BF72,C72)) | BJ72: 0 | BK72: 0 | BL72: 69
A73: 12500158633M | B73: Barents 3 in 1 Hydratic Jacket M | C73: 2 | E73: 0 | F73: 0 | G73: 0 | H73: 0 | I73: 0 | J73: 0 | K73: 0 | L73: 0 | M73: 0 | N73: 0 | O73: 0 | P73: 0 | Q73: 0 | Z73: 1 | AR73: =E73-AE73 | AS73: =F73-AF73 | AT73: =G73-AG73 | AU73: =H73-AH73 | AV73: =I73-AI73 | AW73: =J73-AJ73 | AX73: =K73-AK73 | AY73: =L73-AL73 | ... BD73: =Q73-AQ73 | BE73: =SUMIF(AR73:BD73,"<0",AR73:BD73) | BF73: =IF(BE73<0,D73+BE73,D73) | BG73: =IF(IF(BF73<0,C73+BF73,C73)=0,"",IF(BF73<0,C73+BF73,C73)) | BJ73: 0 | BK73: 0 | BL73: 70
A74: 12500158633S | B74: Barents 3 in 1 Hydratic Jacket M | C74: 2 | E74: 0 | F74: 0 | G74: 0 | H74: 0 | I74: 0 | J74: 0 | K74: 0 | L74: 0 | M74: 0 | N74: 0 | O74: 0 | P74: 0 | Q74: 0 | AR74: =E74-AE74 | AS74: =F74-AF74 | AT74: =G74-AG74 | AU74: =H74-AH74 | AV74: =I74-AI74 | AW74: =J74-AJ74 | AX74: =K74-AK74 | AY74: =L74-AL74 | ... BD74: =Q74-AQ74 | BE74: =SUMIF(AR74:BD74,"<0",AR74:BD74) | BF74: =IF(BE74<0,D74+BE74,D74) | BG74: =IF(IF(BF74<0,C74+BF74,C74)=0,"",IF(BF74<0,C74+BF74,C74)) | BJ74: 0 | BK74: 0 | BL74: 71
A75: 12500169550M | B75: Bergtagen Stretch Jacket M | D75: 2 | E75: 0 | F75: 0 | G75: 0 | H75: 0 | I75: 0 | J75: 0 | K75: 0 | L75: 0 | M75: 0 | N75: 0 | O75: 0 | P75: 0 | Q75: 0 | S75: 1 | U75: 1 | V75: 1 | W75: 1 | X75: 1 | Y75: 1 | AA75: 1 | AC75: 1 | AR75: =E75-AE75 | AS75: =F75-AF75 | AT75: =G75-AG75 | AU75: =H75-AH75 | AV75: =I75-AI75 | AW75: =J75-AJ75 | AX75: =K75-AK75 | AY75: =L75-AL75 | ... BD75: =Q75-AQ75 | BE75: =SUMIF(AR75:BD75,"<0",AR75:BD75) | BF75: =IF(BE75<0,D75+BE75,D75) | BG75: =IF(IF(BF75<0,C75+BF75,C75)=0,"",IF(BF75<0,C75+BF75,C75)) | BJ75: 0 | BK75: 0 | BL75: 72
A76: 12500169550S | B76: Bergtagen Stretch Jacket M | D76: 2 | E76: 0 | F76: 0 | G76: 0 | H76: 0 | I76: 0 | J76: 0 | K76: 0 | L76: 0 | M76: 0 | N76: 0 | O76: 0 | P76: 0 | Q76: 0 | S76: 1 | U76: 1 | V76: 1 | W76: 1 | X76: 1 | Y76: 1 | AA76: 1 | AC76: 1 | AR76: =E76-AE76 | AS76: =F76-AF76 | AT76: =G76-AG76 | AU76: =H76-AH76 | AV76: =I76-AI76 | AW76: =J76-AJ76 | AX76: =K76-AK76 | AY76: =L76-AL76 | ... BD76: =Q76-AQ76 | BE76: =SUMIF(AR76:BD76,"<0",AR76:BD76) | BF76: =IF(BE76<0,D76+BE76,D76) | BG76: =IF(IF(BF76<0,C76+BF76,C76)=0,"",IF(BF76<0,C76+BF76,C76)) | BJ76: 0 | BK76: 0 | BL76: 73
A77: 12500170118L | B77: Hoja Rider's Wind Jacket M | E77: 0 | F77: 0 | G77: 0 | H77: 0 | I77: 0 | J77: 0 | K77: 0 | L77: 0 | M77: 0 | N77: 0 | O77: 0 | P77: 0 | Q77: 0 | S77: 1 | U77: 1 | W77: 1 | Y77: 1 | AA77: 1 | AC77: 1 | AR77: =E77-AE77 | AS77: =F77-AF77 | AT77: =G77-AG77 | AU77: =H77-AH77 | AV77: =I77-AI77 | AW77: =J77-AJ77 | AX77: =K77-AK77 | AY77: =L77-AL77 | ... BD77: =Q77-AQ77 | BE77: =SUMIF(AR77:BD77,"<0",AR77:BD77) | BF77: =IF(BE77<0,D77+BE77,D77) | BG77: =IF(IF(BF77<0,C77+BF77,C77)=0,"",IF(BF77<0,C77+BF77,C77)) | BJ77: 0 | BK77: 0 | BL77: 74
A78: 12500170118M | B78: Hoja Rider's Wind Jacket M | D78: 2 | E78: 0 | F78: 0 | G78: 0 | H78: 0 | I78: 0 | J78: 0 | K78: 0 | L78: 0 | M78: 0 | N78: 0 | O78: 0 | P78: 0 | Q78: 0 | S78: 1 | U78: 1 | V78: 1 | W78: 1 | X78: 1 | Y78: 1 | AA78: 1 | AC78: 1 | AR78: =E78-AE78 | AS78: =F78-AF78 | AT78: =G78-AG78 | AU78: =H78-AH78 | AV78: =I78-AI78 | AW78: =J78-AJ78 | AX78: =K78-AK78 | AY78: =L78-AL78 | ... BD78: =Q78-AQ78 | BE78: =SUMIF(AR78:BD78,"<0",AR78:BD78) | BF78: =IF(BE78<0,D78+BE78,D78) | BG78: =IF(IF(BF78<0,C78+BF78,C78)=0,"",IF(BF78<0,C78+BF78,C78)) | BJ78: 0 | BK78: 0 | BL78: 75
A79: 12500170118S | B79: Hoja Rider's Wind Jacket M | E79: 0 | F79: 0 | G79: 0 | H79: 0 | I79: 0 | J79: 0 | K79: 0 | L79: 0 | M79: 0 | N79: 0 | O79: 0 | P79: 0 | Q79: 0 | S79: 1 | U79: 1 | V79: 1 | W79: 1 | X79: 1 | Y79: 1 | AA79: 1 | AC79: 2 | AR79: =E79-AE79 | AS79: =F79-AF79 | AT79: =G79-AG79 | AU79: =H79-AH79 | AV79: =I79-AI79 | AW79: =J79-AJ79 | AX79: =K79-AK79 | AY79: =L79-AL79 | ... BD79: =Q79-AQ79 | BE79: =SUMIF(AR79:BD79,"<0",AR79:BD79) | BF79: =IF(BE79<0,D79+BE79,D79) | BG79: =IF(IF(BF79<0,C79+BF79,C79)=0,"",IF(BF79<0,C79+BF79,C79)) | BJ79: 0 | BK79: 0 | BL79: 76
A80: 12500170550L | B80: Hoja Rider's Wind Jacket M | E80: 0 | F80: 0 | G80: 0 | H80: 0 | I80: 0 | J80: 0 | K80: 0 | L80: 0 | M80: 0 | N80: 0 | O80: 0 | P80: 0 | Q80: 0 | S80: 1 | U80: 1 | V80: 1 | W80: 1 | Y80: 1 | AA80: 1 | AC80: 1 | AR80: =E80-AE80 | AS80: =F80-AF80 | AT80: =G80-AG80 | AU80: =H80-AH80 | AV80: =I80-AI80 | AW80: =J80-AJ80 | AX80: =K80-AK80 | AY80: =L80-AL80 | ... BD80: =Q80-AQ80 | BE80: =SUMIF(AR80:BD80,"<0",AR80:BD80) | BF80: =IF(BE80<0,D80+BE80,D80) | BG80: =IF(IF(BF80<0,C80+BF80,C80)=0,"",IF(BF80<0,C80+BF80,C80)) | BJ80: 0 | BK80: 0 | BL80: 77
A81: 12500170550M | B81: Hoja Rider's Wind Jacket M | C81: 1 | E81: 0 | F81: 0 | G81: 0 | H81: 0 | I81: 0 | J81: 0 | K81: 0 | L81: 0 | M81: 0 | N81: 0 | O81: 0 | P81: 0 | Q81: 0 | S81: 1 | U81: 1 | V81: 1 | W81: 1 | X81: 1 | Y81: 1 | AA81: 1 | AC81: 1 | AR81: =E81-AE81 | AS81: =F81-AF81 | AT81: =G81-AG81 | AU81: =H81-AH81 | AV81: =I81-AI81 | AW81: =J81-AJ81 | AX81: =K81-AK81 | AY81: =L81-AL81 | ... BD81: =Q81-AQ81 | BE81: =SUMIF(AR81:BD81,"<0",AR81:BD81) | BF81: =IF(BE81<0,D81+BE81,D81) | BG81: =IF(IF(BF81<0,C81+BF81,C81)=0,"",IF(BF81<0,C81+BF81,C81)) | BJ81: 0 | BK81: 0 | BL81: 78
A82: 12500170550S | B82: Hoja Rider's Wind Jacket M | C82: 1 | E82: 0 | F82: 0 | G82: 0 | H82: 0 | I82: 0 | J82: 0 | K82: 0 | L82: 0 | M82: 0 | N82: 0 | O82: 0 | P82: 0 | Q82: 0 | S82: 1 | U82: 1 | V82: 1 | W82: 1 | X82: 1 | Y82: 1 | AA82: 1 | AC82: 2 | AR82: =E82-AE82 | AS82: =F82-AF82 | AT82: =G82-AG82 | AU82: =H82-AH82 | AV82: =I82-AI82 | AW82: =J82-AJ82 | AX82: =K82-AK82 | AY82: =L82-AL82 | ... BD82: =Q82-AQ82 | BE82: =SUMIF(AR82:BD82,"<0",AR82:BD82) | BF82: =IF(BE82<0,D82+BE82,D82) | BG82: =IF(IF(BF82<0,C82+BF82,C82)=0,"",IF(BF82<0,C82+BF82,C82)) | BJ82: 0 | BK82: 0 | BL82: 79
A83: 12500171550M | B83: Bergtagen Windshell Jacket M | E83: 0 | F83: 0 | G83: 0 | H83: 0 | I83: 0 | J83: 0 | K83: 0 | L83: 0 | M83: 0 | N83: 0 | O83: 0 | P83: 0 | Q83: 0 | U83: 1 | W83: 1 | AC83: 1 | AR83: =E83-AE83 | AS83: =F83-AF83 | AT83: =G83-AG83 | AU83: =H83-AH83 | AV83: =I83-AI83 | AW83: =J83-AJ83 | AX83: =K83-AK83 | AY83: =L83-AL83 | ... BD83: =Q83-AQ83 | BE83: =SUMIF(AR83:BD83,"<0",AR83:BD83) | BF83: =IF(BE83<0,D83+BE83,D83) | BG83: =IF(IF(BF83<0,C83+BF83,C83)=0,"",IF(BF83<0,C83+BF83,C83)) | BJ83: 0 | BK83: 0 | BL83: 80
A84: 12500171550S | B84: Bergtagen Windshell Jacket M | E84: 0 | F84: 0 | G84: 0 | H84: 0 | I84: 0 | J84: 0 | K84: 0 | L84: 0 | M84: 0 | N84: 0 | O84: 0 | P84: 0 | Q84: 0 | S84: 1 | W84: 1 | X84: 1 | AC84: 1 | AR84: =E84-AE84 | AS84: =F84-AF84 | AT84: =G84-AG84 | AU84: =H84-AH84 | AV84: =I84-AI84 | AW84: =J84-AJ84 | AX84: =K84-AK84 | AY84: =L84-AL84 | ... BD84: =Q84-AQ84 | BE84: =SUMIF(AR84:BD84,"<0",AR84:BD84) | BF84: =IF(BE84<0,D84+BE84,D84) | BG84: =IF(IF(BF84<0,C84+BF84,C84)=0,"",IF(BF84<0,C84+BF84,C84)) | BJ84: 0 | BK84: 0 | BL84: 81
A85: 12500171577M | B85: Bergtagen Windshell Jacket M | E85: 0 | F85: 0 | G85: 0 | H85: 0 | I85: 0 | J85: 0 | K85: 0 | L85: 0 | M85: 0 | N85: 0 | O85: 0 | P85: 0 | Q85: 0 | S85: 1 | U85: 1 | V85: 1 | W85: 1 | X85: 1 | AA85: 1 | AC85: 1 | AR85: =E85-AE85 | AS85: =F85-AF85 | AT85: =G85-AG85 | AU85: =H85-AH85 | AV85: =I85-AI85 | AW85: =J85-AJ85 | AX85: =K85-AK85 | AY85: =L85-AL85 | ... BD85: =Q85-AQ85 | BE85: =SUMIF(AR85:BD85,"<0",AR85:BD85) | BF85: =IF(BE85<0,D85+BE85,D85) | BG85: =IF(IF(BF85<0,C85+BF85,C85)=0,"",IF(BF85<0,C85+BF85,C85)) | BJ85: 0 | BK85: 0 | BL85: 82
A86: 12500171577S | B86: Bergtagen Windshell Jacket M | E86: 0 | F86: 0 | G86: 0 | H86: 0 | I86: 0 | J86: 0 | K86: 0 | L86: 0 | M86: 0 | N86: 0 | O86: 0 | P86: 0 | Q86: 0 | S86: 1 | U86: 1 | X86: 1 | AA86: 1 | AC86: 1 | AR86: =E86-AE86 | AS86: =F86-AF86 | AT86: =G86-AG86 | AU86: =H86-AH86 | AV86: =I86-AI86 | AW86: =J86-AJ86 | AX86: =K86-AK86 | AY86: =L86-AL86 | ... BD86: =Q86-AQ86 | BE86: =SUMIF(AR86:BD86,"<0",AR86:BD86) | BF86: =IF(BE86<0,D86+BE86,D86) | BG86: =IF(IF(BF86<0,C86+BF86,C86)=0,"",IF(BF86<0,C86+BF86,C86)) | BJ86: 0 | BK86: 0 | BL86: 83
A87: 12500174550L | B87: Keb Agile Winter Jacket M | C87: 6 | E87: 0 | F87: 0 | G87: 0 | H87: 0 | I87: 0 | J87: 0 | K87: 0 | L87: 0 | M87: 0 | N87: 0 | O87: 0 | P87: 0 | Q87: 0 | U87: 1 | AR87: =E87-AE87 | AS87: =F87-AF87 | AT87: =G87-AG87 | AU87: =H87-AH87 | AV87: =I87-AI87 | AW87: =J87-AJ87 | AX87: =K87-AK87 | AY87: =L87-AL87 | ... BD87: =Q87-AQ87 | BE87: =SUMIF(AR87:BD87,"<0",AR87:BD87) | BF87: =IF(BE87<0,D87+BE87,D87) | BG87: =IF(IF(BF87<0,C87+BF87,C87)=0,"",IF(BF87<0,C87+BF87,C87)) | BJ87: 0 | BK87: 0 | BL87: 84
A88: 12500174550M | B88: Keb Agile Winter Jacket M | C88: 8 | E88: 0 | F88: 0 | G88: 0 | H88: 0 | I88: 0 | J88: 0 | K88: 0 | L88: 0 | M88: 0 | N88: 0 | O88: 0 | P88: 0 | Q88: 0 | U88: 1 | AR88: =E88-AE88 | AS88: =F88-AF88 | AT88: =G88-AG88 | AU88: =H88-AH88 | AV88: =I88-AI88 | AW88: =J88-AJ88 | AX88: =K88-AK88 | AY88: =L88-AL88 | ... BD88: =Q88-AQ88 | BE88: =SUMIF(AR88:BD88,"<0",AR88:BD88) | BF88: =IF(BE88<0,D88+BE88,D88) | BG88: =IF(IF(BF88<0,C88+BF88,C88)=0,"",IF(BF88<0,C88+BF88,C88)) | BJ88: 0 | BK88: 0 | BL88: 85
A89: 12500174550S | B89: Keb Agile Winter Jacket M | C89: 10 | E89: 0 | F89: 0 | G89: 0 | H89: 0 | I89: 0 | J89: 0 | K89: 0 | L89: 0 | M89: 0 | N89: 0 | O89: 0 | P89: 0 | Q89: 0 | U89: 2 | AR89: =E89-AE89 | AS89: =F89-AF89 | AT89: =G89-AG89 | AU89: =H89-AH89 | AV89: =I89-AI89 | AW89: =J89-AJ89 | AX89: =K89-AK89 | AY89: =L89-AL89 | ... BD89: =Q89-AQ89 | BE89: =SUMIF(AR89:BD89,"<0",AR89:BD89) | BF89: =IF(BE89<0,D89+BE89,D89) | BG89: =IF(IF(BF89<0,C89+BF89,C89)=0,"",IF(BF89<0,C89+BF89,C89)) | BJ89: 0 | BK89: 0 | BL89: 86
A90: 12500174550XS | B90: Keb Agile Winter Jacket M | C90: 1 | E90: 0 | F90: 0 | G90: 0 | H90: 0 | I90: 0 | J90: 0 | K90: 0 | L90: 0 | M90: 0 | N90: 0 | O90: 0 | P90: 0 | Q90: 0 | U90: 2 | AR90: =E90-AE90 | AS90: =F90-AF90 | AT90: =G90-AG90 | AU90: =H90-AH90 | AV90: =I90-AI90 | AW90: =J90-AJ90 | AX90: =K90-AK90 | AY90: =L90-AL90 | ... BD90: =Q90-AQ90 | BE90: =SUMIF(AR90:BD90,"<0",AR90:BD90) | BF90: =IF(BE90<0,D90+BE90,D90) | BG90: =IF(IF(BF90<0,C90+BF90,C90)=0,"",IF(BF90<0,C90+BF90,C90)) | BJ90: 0 | BK90: 0 | BL90: 87
A91: 12500174633L | B91: Keb Agile Winter Jacket M | C91: 7 | E91: 0 | F91: 0 | G91: 0 | H91: 0 | I91: 0 | J91: 0 | K91: 0 | L91: 0 | M91: 0 | N91: 0 | O91: 0 | P91: 0 | Q91: 0 | U91: 1 | AR91: =E91-AE91 | AS91: =F91-AF91 | AT91: =G91-AG91 | AU91: =H91-AH91 | AV91: =I91-AI91 | AW91: =J91-AJ91 | AX91: =K91-AK91 | AY91: =L91-AL91 | ... BD91: =Q91-AQ91 | BE91: =SUMIF(AR91:BD91,"<0",AR91:BD91) | BF91: =IF(BE91<0,D91+BE91,D91) | BG91: =IF(IF(BF91<0,C91+BF91,C91)=0,"",IF(BF91<0,C91+BF91,C91)) | BJ91: 0 | BK91: 0 | BL91: 88
A92: 12500174633M | B92: Keb Agile Winter Jacket M | C92: 11 | E92: 0 | F92: 0 | G92: 0 | H92: 0 | I92: 0 | J92: 0 | K92: 0 | L92: 0 | M92: 0 | N92: 0 | O92: 0 | P92: 0 | Q92: 0 | U92: 1 | AR92: =E92-AE92 | AS92: =F92-AF92 | AT92: =G92-AG92 | AU92: =H92-AH92 | AV92: =I92-AI92 | AW92: =J92-AJ92 | AX92: =K92-AK92 | AY92: =L92-AL92 | ... BD92: =Q92-AQ92 | BE92: =SUMIF(AR92:BD92,"<0",AR92:BD92) | BF92: =IF(BE92<0,D92+BE92,D92) | BG92: =IF(IF(BF92<0,C92+BF92,C92)=0,"",IF(BF92<0,C92+BF92,C92)) | BJ92: 0 | BK92: 0 | BL92: 89
A93: 12500174633S | B93: Keb Agile Winter Jacket M | C93: 7 | E93: 0 | F93: 0 | G93: 0 | H93: 0 | I93: 0 | J93: 0 | K93: 0 | L93: 0 | M93: 0 | N93: 0 | O93: 0 | P93: 0 | Q93: 0 | U93: 1 | AR93: =E93-AE93 | AS93: =F93-AF93 | AT93: =G93-AG93 | AU93: =H93-AH93 | AV93: =I93-AI93 | AW93: =J93-AJ93 | AX93: =K93-AK93 | AY93: =L93-AL93 | ... BD93: =Q93-AQ93 | BE93: =SUMIF(AR93:BD93,"<0",AR93:BD93) | BF93: =IF(BE93<0,D93+BE93,D93) | BG93: =IF(IF(BF93<0,C93+BF93,C93)=0,"",IF(BF93<0,C93+BF93,C93)) | BJ93: 0 | BK93: 0 | BL93: 90
A94: 12500174633XS | B94: Keb Agile Winter Jacket M | C94: 5 | E94: 0 | F94: 0 | G94: 0 | H94: 0 | I94: 0 | J94: 0 | K94: 0 | L94: 0 | M94: 0 | N94: 0 | O94: 0 | P94: 0 | Q94: 0 | U94: 1 | AR94: =E94-AE94 | AS94: =F94-AF94 | AT94: =G94-AG94 | AU94: =H94-AH94 | AV94: =I94-AI94 | AW94: =J94-AJ94 | AX94: =K94-AK94 | AY94: =L94-AL94 | ... BD94: =Q94-AQ94 | BE94: =SUMIF(AR94:BD94,"<0",AR94:BD94) | BF94: =IF(BE94<0,D94+BE94,D94) | BG94: =IF(IF(BF94<0,C94+BF94,C94)=0,"",IF(BF94<0,C94+BF94,C94)) | BJ94: 0 | BK94: 0 | BL94: 91
A95: 12500181550L | B95: Keb Thermal Wind Jacket M | C95: 3 | E95: 0 | F95: 0 | G95: 0 | H95: 0 | I95: 0 | J95: 0 | K95: 0 | L95: 0 | M95: 0 | N95: 0 | O95: 0 | P95: 0 | Q95: 0 | U95: 1 | AR95: =E95-AE95 | AS95: =F95-AF95 | AT95: =G95-AG95 | AU95: =H95-AH95 | AV95: =I95-AI95 | AW95: =J95-AJ95 | AX95: =K95-AK95 | AY95: =L95-AL95 | ... BD95: =Q95-AQ95 | BE95: =SUMIF(AR95:BD95,"<0",AR95:BD95) | BF95: =IF(BE95<0,D95+BE95,D95) | BG95: =IF(IF(BF95<0,C95+BF95,C95)=0,"",IF(BF95<0,C95+BF95,C95)) | BJ95: 0 | BK95: 0 | BL95: 92
A96: 12500181550M | B96: Keb Thermal Wind Jacket M | C96: 8 | E96: 0 | F96: 0 | G96: 0 | H96: 0 | I96: 0 | J96: 0 | K96: 0 | L96: 0 | M96: 0 | N96: 0 | O96: 0 | P96: 0 | Q96: 0 | U96: 1 | AR96: =E96-AE96 | AS96: =F96-AF96 | AT96: =G96-AG96 | AU96: =H96-AH96 | AV96: =I96-AI96 | AW96: =J96-AJ96 | AX96: =K96-AK96 | AY96: =L96-AL96 | ... BD96: =Q96-AQ96 | BE96: =SUMIF(AR96:BD96,"<0",AR96:BD96) | BF96: =IF(BE96<0,D96+BE96,D96) | BG96: =IF(IF(BF96<0,C96+BF96,C96)=0,"",IF(BF96<0,C96+BF96,C96)) | BJ96: 0 | BK96: 0 | BL96: 93
A97: 12500181550S | B97: Keb Thermal Wind Jacket M | C97: 7 | E97: 0 | F97: 0 | G97: 0 | H97: 0 | I97: 0 | J97: 0 | K97: 0 | L97: 0 | M97: 0 | N97: 0 | O97: 0 | P97: 0 | Q97: 0 | U97: 1 | AR97: =E97-AE97 | AS97: =F97-AF97 | AT97: =G97-AG97 | AU97: =H97-AH97 | AV97: =I97-AI97 | AW97: =J97-AJ97 | AX97: =K97-AK97 | AY97: =L97-AL97 | ... BD97: =Q97-AQ97 | BE97: =SUMIF(AR97:BD97,"<0",AR97:BD97) | BF97: =IF(BE97<0,D97+BE97,D97) | BG97: =IF(IF(BF97<0,C97+BF97,C97)=0,"",IF(BF97<0,C97+BF97,C97)) | BJ97: 0 | BK97: 0 | BL97: 94
A98: 12500181550XS | B98: Keb Thermal Wind Jacket M | C98: 4 | E98: 0 | F98: 0 | G98: 0 | H98: 0 | I98: 0 | J98: 0 | K98: 0 | L98: 0 | M98: 0 | N98: 0 | O98: 0 | P98: 0 | Q98: 0 | U98: 2 | AR98: =E98-AE98 | AS98: =F98-AF98 | AT98: =G98-AG98 | AU98: =H98-AH98 | AV98: =I98-AI98 | AW98: =J98-AJ98 | AX98: =K98-AK98 | AY98: =L98-AL98 | ... BD98: =Q98-AQ98 | BE98: =SUMIF(AR98:BD98,"<0",AR98:BD98) | BF98: =IF(BE98<0,D98+BE98,D98) | BG98: =IF(IF(BF98<0,C98+BF98,C98)=0,"",IF(BF98<0,C98+BF98,C98)) | BJ98: 0 | BK98: 0 | BL98: 95
... A102: 12500181570XS | B102: Keb Thermal Wind Jacket M | C102: 3 | E102: 0 | F102: 0 | G102: 0 | H102: 0 | I102: 0 | J102: 0 | K102: 0 | L102: 0 | M102: 0 | N102: 0 | O102: 0 | P102: 0 | Q102: 0 | U102: 2 | AR102: =E102-AE102 | AS102: =F102-AF102 | AT102: =G102-AG102 | AU102: =H102-AH102 | AV102: =I102-AI102 | AW102: =J102-AJ102 | AX102: =K102-AK102 | AY102: =L102-AL102 | ... BD102: =Q102-AQ102 | BE102: =SUMIF(AR102:BD102,"<0",AR102:BD102) | BF102: =IF(BE102<0,D102+BE102,D102) | BG102: =IF(IF(BF102<0,C102+BF102,C102)=0,"",IF(BF102<0,C102+BF102,C102)) | BJ102: 0 | BK102: 0 | BL102: 99
A103: 12500182550L | B103: Keb GTX Jacket M | E103: 0 | F103: 0 | G103: 0 | H103: 0 | I103: 0 | J103: 0 | K103: 0 | L103: 0 | M103: 0 | N103: 0 | O103: 0 | P103: 0 | Q103: 0 | U103: 1 | W103: 1 | AR103: =E103-AE103 | AS103: =F103-AF103 | AT103: =G103-AG103 | AU103: =H103-AH103 | AV103: =I103-AI103 | AW103: =J103-AJ103 | AX103: =K103-AK103 | AY103: =L103-AL103 | ... BD103: =Q103-AQ103 | BE103: =SUMIF(AR103:BD103,"<0",AR103:BD103) | BF103: =IF(BE103<0,D103+BE103,D103) | BG103: =IF(IF(BF103<0,C103+BF103,C103)=0,"",IF(BF103<0,C103+BF103,C103)) | BJ103: 0 | BK103: 0 | BL103: 100
...
